timestamp_utc,rpd_token,part_name,kit_label,pdf_path,dxf_path,dxf_perimeter_area_ratio,dxf_internal_void_area_ratio,dxf_entity_count,dxf_arc_count,dxf_bbox_aspect_ratio,dxf_fill_ratio,dxf_edge_length_cv,dxf_edge_band_entity_ratio,dxf_arc_length_ratio,dxf_exterior_notch_count,dxf_has_interior_polylines,dxf_color_count,pdf_dim_density,pdf_red_dim_density,pdf_bendline_score,pdf_bendline_entity_density,dxf_future_01,dxf_future_02,dxf_future_03,dxf_future_04,dxf_future_05,dxf_future_06,dxf_future_07,dxf_future_08,dxf_future_09,dxf_future_10,dxf_future_11,dxf_future_12,dxf_future_13,dxf_future_14,dxf_future_15,pdf_future_01,pdf_future_02,pdf_future_03,pdf_future_04,pdf_future_05,pdf_future_06,pdf_future_07,pdf_future_08,pdf_future_09,pdf_future_10,pdf_future_11,pdf_future_12,pdf_future_13,pdf_future_14,pdf_future_15
2026-03-03T23:17:35+00:00,F54525 PAINT PACK.rpd,B-1,Brackets,W:\LASER\For Battleshield Fabrication\F54525\PAINT PACK\B-1.pdf,W:\LASER\For Battleshield Fabrication\F54525\PAINT PACK\B-1.dxf,0.6197895422788045,0.0,8.0,,,,,,0.0285868698329397,0.0,0.0,1.0,0.0324940582293523,,0.1178010471204188,,,,,,,,,,,,,,,,,,,,,,,,,,,,,,,
2026-03-03T23:17:36+00:00,F54525 PAINT PACK.rpd,B-22,Flat Parts,W:\LASER\For Battleshield Fabrication\F54525\PAINT PACK\B-22.pdf,W:\LASER\For Battleshield Fabrication\F54525\PAINT PACK\B-22.dxf,32.068661465782924,6.99999999998859,16.0,,,,,,0.1328841376984291,0.0,1.0,1.0,0.0087682379349046,,0.0,,,,,,,,,,,,,,,,,,,,,,,,,,,,,,,
2026-03-03T23:17:36+00:00,F54525 PAINT PACK.rpd,B-228,Brackets,W:\LASER\For Battleshield Fabrication\F54525\PAINT PACK\B-228.pdf,W:\LASER\For Battleshield Fabrication\F54525\PAINT PACK\B-228.dxf,12.827464586320962,11.37279999998865,41.0,,,,,,0.10894363936431,0.0,1.0,1.0,0.0768510266059285,,0.1019354838709677,,,,,,,,,,,,,,,,,,,,,,,,,,,,,,,
2026-03-03T23:17:37+00:00,F54525 PAINT PACK.rpd,B-23,Brackets,W:\LASER\For Battleshield Fabrication\F54525\PAINT PACK\B-23.pdf,W:\LASER\For Battleshield Fabrication\F54525\PAINT PACK\B-23.dxf,25.65492917265594,3.999999999998084,9.0,,,,,,0.0611281001060761,0.0,1.0,1.0,0.0067051231266917,,0.0691056910569105,,,,,,,,,,,,,,,,,,,,,,,,,,,,,,,
2026-03-03T23:17:37+00:00,F54525 PAINT PACK.rpd,B-26,Brackets,W:\LASER\For Battleshield Fabrication\F54525\PAINT PACK\B-26.pdf,W:\LASER\For Battleshield Fabrication\F54525\PAINT PACK\B-26.dxf,32.068661465801334,2.999999999996616,12.0,,,,,,0.0641142336536549,0.0,1.0,1.0,0.063440780352545,,0.0786686838124054,,,,,,,,,,,,,,,,,,,,,,,,,,,,,,,
2026-03-03T23:17:37+00:00,F54525 PAINT PACK.rpd,B-3 R1,Brackets,W:\LASER\For Battleshield Fabrication\F54525\PAINT PACK\B-3 R1.pdf,W:\LASER\For Battleshield Fabrication\F54525\PAINT PACK\B-3 R1.dxf,0.3786236290718187,0.0,11.0,,,,,,0.0265187526468815,0.0,0.0,1.0,0.0077366805307981,,0.038235294117647,,,,,,,,,,,,,,,,,,,,,,,,,,,,,,,
2026-03-03T23:17:38+00:00,F54525 PAINT PACK.rpd,B-32-R1,Brackets,W:\LASER\For Battleshield Fabrication\F54525\PAINT PACK\B-32-R1.pdf,W:\LASER\For Battleshield Fabrication\F54525\PAINT PACK\B-32-R1.dxf,0.4256745518000611,0.0,14.0,,,,,,0.0,6.0,1.0,1.0,0.1021241830065359,,0.0456852791878172,,,,,,,,,,,,,,,,,,,,,,,,,,,,,,,
2026-03-03T23:17:38+00:00,F54525 PAINT PACK.rpd,B-4 R1,Brackets,W:\LASER\For Battleshield Fabrication\F54525\PAINT PACK\B-4 R1.pdf,W:\LASER\For Battleshield Fabrication\F54525\PAINT PACK\B-4 R1.dxf,0.3785672304321676,0.0,11.0,,,,,,0.0265187526468815,0.0,0.0,1.0,0.0077366805307981,,0.037037037037037,,,,,,,,,,,,,,,,,,,,,,,,,,,,,,,
2026-03-03T23:17:38+00:00,F54525 PAINT PACK.rpd,B-42,Flat Parts,W:\LASER\For Battleshield Fabrication\F54525\PAINT PACK\B-42.pdf,W:\LASER\For Battleshield Fabrication\F54525\PAINT PACK\B-42.dxf,1.3585471644203797,0.0,10.0,,,,,,0.0,1.0,1.0,1.0,0.0087682379349046,,0.0,,,,,,,,,,,,,,,,,,,,,,,,,,,,,,,
2026-03-03T23:17:38+00:00,F54525 PAINT PACK.rpd,B-43,Flat Parts,W:\LASER\For Battleshield Fabrication\F54525\PAINT PACK\B-43.pdf,W:\LASER\For Battleshield Fabrication\F54525\PAINT PACK\B-43.dxf,1.1586924479783418,0.0,6.0,,,,,,0.0,0.0,1.0,1.0,0.0082524592328513,,0.0,,,,,,,,,,,,,,,,,,,,,,,,,,,,,,,
2026-03-03T23:17:39+00:00,F54525 PAINT PACK.rpd,B-57,Flat Parts,W:\LASER\For Battleshield Fabrication\F54525\PAINT PACK\B-57.pdf,W:\LASER\For Battleshield Fabrication\F54525\PAINT PACK\B-57.dxf,0.1048524563738326,0.000627641088681,36.0,,,,,,0.0,0.0,1.0,2.0,0.0716932395853964,,0.0211382113821138,,,,,,,,,,,,,,,,,,,,,,,,,,,,,,,
2026-03-03T23:17:39+00:00,F54525 PAINT PACK.rpd,EC-CP-00013,Flat Parts,W:\LASER\For Battleshield Fabrication\F54525\PAINT PACK\EC-CP-00013.pdf,W:\LASER\For Battleshield Fabrication\F54525\PAINT PACK\EC-CP-00013.dxf,10.021456708072664,6.03149414062444,18.0,,,,,,0.1394061896104308,0.0,1.0,1.0,0.009799795339011,,0.0,,,,,,,,,,,,,,,,,,,,,,,,,,,,,,,
2026-03-03T23:17:39+00:00,F54525 PAINT PACK.rpd,F54525-B-1,Backs,W:\LASER\For Battleshield Fabrication\F54525\PAINT PACK\F54525-B-1.pdf,W:\LASER\For Battleshield Fabrication\F54525\PAINT PACK\F54525-B-1.dxf,1.3361942277430767,0.6336805555555604,20.0,,,,,,0.0560816895806312,0.0,1.0,1.0,0.0479674192909487,,0.0373831775700934,,,,,,,,,,,,,,,,,,,,,,,,,,,,,,,
2026-03-03T23:17:39+00:00,F54525 PAINT PACK.rpd,F54525-B-10,Bottoms,W:\LASER\For Battleshield Fabrication\F54525\PAINT PACK\F54525-B-10.pdf,W:\LASER\For Battleshield Fabrication\F54525\PAINT PACK\F54525-B-10.dxf,4.008582683229158,0.5185546874993023,116.0,,,,,,0.0635306754225923,0.0,1.0,2.0,0.0185680332739156,,0.0658472344161545,,,,,,,,,,,,,,,,,,,,,,,,,,,,,,,
2026-03-03T23:17:39+00:00,F54525 PAINT PACK.rpd,F54525-B-11,Sides,W:\LASER\For Battleshield Fabrication\F54525\PAINT PACK\F54525-B-11.pdf,W:\LASER\For Battleshield Fabrication\F54525\PAINT PACK\F54525-B-11.dxf,40.77669902910029,2.999999999998068,46.0,,,,,,0.0341197092699021,4.0,1.0,2.0,0.009799795339011,,0.1,,,,,,,,,,,,,,,,,,,,,,,,,,,,,,,
2026-03-03T23:17:40+00:00,F54525 PAINT PACK.rpd,F54525-B-111,Brackets,W:\LASER\For Battleshield Fabrication\F54525\PAINT PACK\F54525-B-111.pdf,W:\LASER\For Battleshield Fabrication\F54525\PAINT PACK\F54525-B-111.dxf,0.2796677060409272,0.0,4.0,,,,,,0.0,0.0,1.0,1.0,0.0758194692018221,,0.2195448460508701,,,,,,,,,,,,,,,,,,,,,,,,,,,,,,,
2026-03-03T23:17:40+00:00,F54525 PAINT PACK.rpd,F54525-B-112,Brackets,W:\LASER\For Battleshield Fabrication\F54525\PAINT PACK\F54525-B-112.pdf,W:\LASER\For Battleshield Fabrication\F54525\PAINT PACK\F54525-B-112.dxf,0.2722470752873134,0.0,4.0,,,,,,0.0,0.0,1.0,1.0,0.0763352479038753,,0.2254259501965924,,,,,,,,,,,,,,,,,,,,,,,,,,,,,,,
2026-03-03T23:17:40+00:00,F54525 PAINT PACK.rpd,F54525-B-113,Brackets,W:\LASER\For Battleshield Fabrication\F54525\PAINT PACK\F54525-B-113.pdf,W:\LASER\For Battleshield Fabrication\F54525\PAINT PACK\F54525-B-113.dxf,0.3035872104631708,0.0,4.0,,,,,,0.0,0.0,1.0,1.0,0.0747879117977157,,0.1853512705530642,,,,,,,,,,,,,,,,,,,,,,,,,,,,,,,
2026-03-03T23:17:40+00:00,F54525 PAINT PACK.rpd,F54525-B-114,Brackets,W:\LASER\For Battleshield Fabrication\F54525\PAINT PACK\F54525-B-114.pdf,W:\LASER\For Battleshield Fabrication\F54525\PAINT PACK\F54525-B-114.dxf,0.2762909046663706,0.0,4.0,,,,,,0.0,0.0,1.0,1.0,0.0758194692018221,,0.232258064516129,,,,,,,,,,,,,,,,,,,,,,,,,,,,,,,
2026-03-03T23:17:41+00:00,F54525 PAINT PACK.rpd,F54525-B-115,Brackets,W:\LASER\For Battleshield Fabrication\F54525\PAINT PACK\F54525-B-115.pdf,W:\LASER\For Battleshield Fabrication\F54525\PAINT PACK\F54525-B-115.dxf,0.2727768737882632,0.0,8.0,,,,,,0.0,6.0,1.0,1.0,0.0943875024757377,,0.2358381502890173,,,,,,,,,,,,,,,,,,,,,,,,,,,,,,,
2026-03-03T23:17:41+00:00,F54525 PAINT PACK.rpd,F54525-B-12,Backs,W:\LASER\For Battleshield Fabrication\F54525\PAINT PACK\F54525-B-12.pdf,W:\LASER\For Battleshield Fabrication\F54525\PAINT PACK\F54525-B-12.dxf,1.3361942277430336,0.8437499999999599,16.0,,,,,,0.0696990076066565,0.0,1.0,1.0,0.009799795339011,,0.0403530895334174,,,,,,,,,,,,,,,,,,,,,,,,,,,,,,,
2026-03-03T23:17:41+00:00,F54525 PAINT PACK.rpd,F54525-B-121,Brackets,W:\LASER\For Battleshield Fabrication\F54525\PAINT PACK\F54525-B-121.pdf,W:\LASER\For Battleshield Fabrication\F54525\PAINT PACK\F54525-B-121.dxf,1.2013622893915874,0.0,6.0,,,,,,0.0,0.0,1.0,1.0,0.0092840166369578,,0.0592885375494071,,,,,,,,,,,,,,,,,,,,,,,,,,,,,,,
2026-03-03T23:17:41+00:00,F54525 PAINT PACK.rpd,F54525-B-123,Brackets,W:\LASER\For Battleshield Fabrication\F54525\PAINT PACK\F54525-B-123.pdf,W:\LASER\For Battleshield Fabrication\F54525\PAINT PACK\F54525-B-123.dxf,0.4085970841253676,0.0,24.0,,,,,,0.1454339254325713,0.0,0.0,1.0,0.0092840166369578,,0.0609756097560975,,,,,,,,,,,,,,,,,,,,,,,,,,,,,,,
2026-03-03T23:17:41+00:00,F54525 PAINT PACK.rpd,F54525-B-124,Brackets,W:\LASER\For Battleshield Fabrication\F54525\PAINT PACK\F54525-B-124.pdf,W:\LASER\For Battleshield Fabrication\F54525\PAINT PACK\F54525-B-124.dxf,0.3507730261144779,0.0,28.0,,,,,,0.1250967662332504,0.0,0.0,1.0,0.0092840166369578,,0.0756620428751576,,,,,,,,,,,,,,,,,,,,,,,,,,,,,,,
2026-03-03T23:17:42+00:00,F54525 PAINT PACK.rpd,F54525-B-125,Brackets,W:\LASER\For Battleshield Fabrication\F54525\PAINT PACK\F54525-B-125.pdf,W:\LASER\For Battleshield Fabrication\F54525\PAINT PACK\F54525-B-125.dxf,0.7137598449365096,0.0,20.0,,,,,,0.0990210545450035,0.0,0.0,1.0,0.0660196738628111,,0.078,,,,,,,,,,,,,,,,,,,,,,,,,,,,,,,
2026-03-03T23:17:42+00:00,F54525 PAINT PACK.rpd,F54525-B-126,Brackets,W:\LASER\For Battleshield Fabrication\F54525\PAINT PACK\F54525-B-126.pdf,W:\LASER\For Battleshield Fabrication\F54525\PAINT PACK\F54525-B-126.dxf,0.8476348342746063,0.0,20.0,,,,,,0.208607235316005,0.0,0.0,1.0,0.0742721330956625,,0.0654008438818565,,,,,,,,,,,,,,,,,,,,,,,,,,,,,,,
2026-03-03T23:17:42+00:00,F54525 PAINT PACK.rpd,F54525-B-127,Brackets,W:\LASER\For Battleshield Fabrication\F54525\PAINT PACK\F54525-B-127.pdf,W:\LASER\For Battleshield Fabrication\F54525\PAINT PACK\F54525-B-127.dxf,0.6822107692743966,0.0,32.0,,,,,,0.1098745406950042,0.0,0.0,1.0,0.0660196738628111,,0.0678807947019867,,,,,,,,,,,,,,,,,,,,,,,,,,,,,,,
2026-03-03T23:17:42+00:00,F54525 PAINT PACK.rpd,F54525-B-13,Bottoms,W:\LASER\For Battleshield Fabrication\F54525\PAINT PACK\F54525-B-13.pdf,W:\LASER\For Battleshield Fabrication\F54525\PAINT PACK\F54525-B-13.dxf,4.0085826832292,1.5976562500005065,236.0,,,,,,0.0952028609377611,0.0,1.0,2.0,0.1526704958077507,,0.0542056074766355,,,,,,,,,,,,,,,,,,,,,,,,,,,,,,,
2026-03-03T23:17:48+00:00,F54525 PAINT PACK.rpd,F54525-B-14,Sides,W:\LASER\For Battleshield Fabrication\F54525\PAINT PACK\F54525-B-14.pdf,W:\LASER\For Battleshield Fabrication\F54525\PAINT PACK\F54525-B-14.dxf,1.6878242876754606,1.3759556786703704,85.0,,,,,,0.1295548827166552,0.0,1.0,2.0,0.0288836073149798,,0.0405027932960893,,,,,,,,,,,,,,,,,,,,,,,,,,,,,,,
2026-03-03T23:17:49+00:00,F54525 PAINT PACK.rpd,F54525-B-149,Brackets,W:\LASER\For Battleshield Fabrication\F54525\PAINT PACK\F54525-B-149.pdf,W:\LASER\For Battleshield Fabrication\F54525\PAINT PACK\F54525-B-149.dxf,16.0343307329162,3.999999999999536,13.0,,,,,,0.0486549137819746,0.0,1.0,1.0,0.009799795339011,,0.0742574257425742,,,,,,,,,,,,,,,,,,,,,,,,,,,,,,,
2026-03-03T23:17:49+00:00,F54525 PAINT PACK.rpd,F54525-B-15,Backs,W:\LASER\For Battleshield Fabrication\F54525\PAINT PACK\F54525-B-15.pdf,W:\LASER\For Battleshield Fabrication\F54525\PAINT PACK\F54525-B-15.dxf,1.3361942277430068,0.0525977916667147,56.0,,,,,,0.1296914926004096,0.0,1.0,1.0,0.019599590678022,,0.073667711598746,,,,,,,,,,,,,,,,,,,,,,,,,,,,,,,
2026-03-03T23:17:49+00:00,F54525 PAINT PACK.rpd,F54525-B-150,Brackets,W:\LASER\For Battleshield Fabrication\F54525\PAINT PACK\F54525-B-150.pdf,W:\LASER\For Battleshield Fabrication\F54525\PAINT PACK\F54525-B-150.dxf,16.034330732915727,7.999999999999028,27.0,,,,,,0.0429431079438248,0.0,1.0,1.0,0.0092840166369578,,0.0530565167243368,,,,,,,,,,,,,,,,,,,,,,,,,,,,,,,
2026-03-03T23:17:49+00:00,F54525 PAINT PACK.rpd,F54525-B-151,Brackets,W:\LASER\For Battleshield Fabrication\F54525\PAINT PACK\F54525-B-151.pdf,W:\LASER\For Battleshield Fabrication\F54525\PAINT PACK\F54525-B-151.dxf,16.034330732912007,5.999999999998338,13.0,,,,,,0.0300525616391088,0.0,1.0,1.0,0.0190838119759688,,0.0792580101180438,,,,,,,,,,,,,,,,,,,,,,,,,,,,,,,
2026-03-03T23:17:50+00:00,F54525 PAINT PACK.rpd,F54525-B-152,Brackets,W:\LASER\For Battleshield Fabrication\F54525\PAINT PACK\F54525-B-152.pdf,W:\LASER\For Battleshield Fabrication\F54525\PAINT PACK\F54525-B-152.dxf,16.034330732912007,5.999999999998338,13.0,,,,,,0.0300525616391088,0.0,1.0,1.0,0.0670512312669175,,0.0806451612903225,,,,,,,,,,,,,,,,,,,,,,,,,,,,,,,
2026-03-03T23:17:50+00:00,F54525 PAINT PACK.rpd,F54525-B-153,Brackets,W:\LASER\For Battleshield Fabrication\F54525\PAINT PACK\F54525-B-153.pdf,W:\LASER\For Battleshield Fabrication\F54525\PAINT PACK\F54525-B-153.dxf,16.034330732914594,7.99999999999852,27.0,,,,,,0.0429431079438248,0.0,1.0,1.0,0.0185680332739156,,0.0584269662921348,,,,,,,,,,,,,,,,,,,,,,,,,,,,,,,
2026-03-03T23:17:50+00:00,F54525 PAINT PACK.rpd,F54525-B-154,Flat Parts,W:\LASER\For Battleshield Fabrication\F54525\PAINT PACK\F54525-B-154.pdf,W:\LASER\For Battleshield Fabrication\F54525\PAINT PACK\F54525-B-154.dxf,23.322662884233715,3.115702479339846,22.0,,,,,,0.0275581359697978,0.0,1.0,1.0,0.009799795339011,,0.0,,,,,,,,,,,,,,,,,,,,,,,,,,,,,,,
2026-03-03T23:17:50+00:00,F54525 PAINT PACK.rpd,F54525-B-155,Brackets,W:\LASER\For Battleshield Fabrication\F54525\PAINT PACK\F54525-B-155.pdf,W:\LASER\For Battleshield Fabrication\F54525\PAINT PACK\F54525-B-155.dxf,0.8439121438377071,0.0,33.0,,,,,,0.1446275710526248,0.0,0.0,1.0,0.009799795339011,,0.0281837160751565,,,,,,,,,,,,,,,,,,,,,,,,,,,,,,,
2026-03-03T23:17:51+00:00,F54525 PAINT PACK.rpd,F54525-B-156,Brackets,W:\LASER\For Battleshield Fabrication\F54525\PAINT PACK\F54525-B-156.pdf,W:\LASER\For Battleshield Fabrication\F54525\PAINT PACK\F54525-B-156.dxf,8.017165366459059,1.3663019999986796,64.0,,,,,,0.1296307967694382,0.0,1.0,1.0,0.0278520499108734,,0.0483036227717078,,,,,,,,,,,,,,,,,,,,,,,,,,,,,,,
2026-03-03T23:17:51+00:00,F54525 PAINT PACK.rpd,F54525-B-157,Brackets,W:\LASER\For Battleshield Fabrication\F54525\PAINT PACK\F54525-B-157.pdf,W:\LASER\For Battleshield Fabrication\F54525\PAINT PACK\F54525-B-157.dxf,0.2059671699650482,0.0,8.0,,,,,,0.0,0.0,1.0,1.0,0.009799795339011,,0.1330275229357798,,,,,,,,,,,,,,,,,,,,,,,,,,,,,,,
2026-03-03T23:17:51+00:00,F54525 PAINT PACK.rpd,F54525-B-158,Brackets,W:\LASER\For Battleshield Fabrication\F54525\PAINT PACK\F54525-B-158.pdf,W:\LASER\For Battleshield Fabrication\F54525\PAINT PACK\F54525-B-158.dxf,0.208468646012353,0.0,8.0,,,,,,0.0,0.0,1.0,1.0,0.009799795339011,,0.0911528150134048,,,,,,,,,,,,,,,,,,,,,,,,,,,,,,,
2026-03-03T23:17:51+00:00,F54525 PAINT PACK.rpd,F54525-B-159,Brackets,W:\LASER\For Battleshield Fabrication\F54525\PAINT PACK\F54525-B-159.pdf,W:\LASER\For Battleshield Fabrication\F54525\PAINT PACK\F54525-B-159.dxf,0.3237776254955054,0.0,8.0,,,,,,0.0,0.0,1.0,1.0,0.009799795339011,,0.1380846325167037,,,,,,,,,,,,,,,,,,,,,,,,,,,,,,,
2026-03-03T23:17:51+00:00,F54525 PAINT PACK.rpd,F54525-B-16,Brackets,W:\LASER\For Battleshield Fabrication\F54525\PAINT PACK\F54525-B-16.pdf,W:\LASER\For Battleshield Fabrication\F54525\PAINT PACK\F54525-B-16.dxf,0.1825396840463179,0.0,8.0,,,,,,0.0,0.0,1.0,1.0,0.0747879117977157,,0.1401273885350318,,,,,,,,,,,,,,,,,,,,,,,,,,,,,,,
2026-03-03T23:17:52+00:00,F54525 PAINT PACK.rpd,F54525-B-160,Brackets,W:\LASER\For Battleshield Fabrication\F54525\PAINT PACK\F54525-B-160.pdf,W:\LASER\For Battleshield Fabrication\F54525\PAINT PACK\F54525-B-160.dxf,0.2765343639943364,0.0,8.0,,,,,,0.0,0.0,1.0,1.0,0.009799795339011,,0.1522633744855967,,,,,,,,,,,,,,,,,,,,,,,,,,,,,,,
2026-03-03T23:17:52+00:00,F54525 PAINT PACK.rpd,F54525-B-162,Brackets,W:\LASER\For Battleshield Fabrication\F54525\PAINT PACK\F54525-B-162.pdf,W:\LASER\For Battleshield Fabrication\F54525\PAINT PACK\F54525-B-162.dxf,5.344776910972221,0.0,43.0,,,,,,0.1131961543966301,0.0,1.0,1.0,0.0092840166369578,,0.0583657587548638,,,,,,,,,,,,,,,,,,,,,,,,,,,,,,,
2026-03-03T23:17:52+00:00,F54525 PAINT PACK.rpd,F54525-B-163,Brackets,W:\LASER\For Battleshield Fabrication\F54525\PAINT PACK\F54525-B-163.pdf,W:\LASER\For Battleshield Fabrication\F54525\PAINT PACK\F54525-B-163.dxf,0.843912143837745,0.0,25.0,,,,,,0.1098001894622751,0.0,0.0,1.0,0.009799795339011,,0.0432357043235704,,,,,,,,,,,,,,,,,,,,,,,,,,,,,,,
2026-03-03T23:17:52+00:00,F54525 PAINT PACK.rpd,F54525-B-164,Brackets,W:\LASER\For Battleshield Fabrication\F54525\PAINT PACK\F54525-B-164.pdf,W:\LASER\For Battleshield Fabrication\F54525\PAINT PACK\F54525-B-164.dxf,8.017165366457313,1.491301999991297,58.0,,,,,,0.0938051199517595,0.0,1.0,1.0,0.0185680332739156,,0.0576080150281778,,,,,,,,,,,,,,,,,,,,,,,,,,,,,,,
2026-03-03T23:17:53+00:00,F54525 PAINT PACK.rpd,F54525-B-165,Brackets,W:\LASER\For Battleshield Fabrication\F54525\PAINT PACK\F54525-B-165.pdf,W:\LASER\For Battleshield Fabrication\F54525\PAINT PACK\F54525-B-165.dxf,20.0429134161295,3.999999999996063,13.0,,,,,,0.0371062164563538,0.0,1.0,1.0,0.0546725424176404,,0.1496062992125984,,,,,,,,,,,,,,,,,,,,,,,,,,,,,,,
2026-03-03T23:17:53+00:00,F54525 PAINT PACK.rpd,F54525-B-166,Brackets,W:\LASER\For Battleshield Fabrication\F54525\PAINT PACK\F54525-B-166.pdf,W:\LASER\For Battleshield Fabrication\F54525\PAINT PACK\F54525-B-166.dxf,0.1117318089898557,0.0,74.0,,,,,,0.0260667616389903,20.0,1.0,1.0,0.009799795339011,,0.1232575201760821,,,,,,,,,,,,,,,,,,,,,,,,,,,,,,,
2026-03-03T23:17:53+00:00,F54525 PAINT PACK.rpd,F54525-B-167,Flat Parts,W:\LASER\For Battleshield Fabrication\F54525\PAINT PACK\F54525-B-167.pdf,W:\LASER\For Battleshield Fabrication\F54525\PAINT PACK\F54525-B-167.dxf,26.813262095176693,14.981946510663208,50.0,,,,,,0.141851344532279,0.0,1.0,2.0,0.0376518452498844,,0.0,,,,,,,,,,,,,,,,,,,,,,,,,,,,,,,
2026-03-03T23:17:54+00:00,F54525 PAINT PACK.rpd,F54525-B-168,Brackets,W:\LASER\For Battleshield Fabrication\F54525\PAINT PACK\F54525-B-168.pdf,W:\LASER\For Battleshield Fabrication\F54525\PAINT PACK\F54525-B-168.dxf,12.827464586333454,0.0,13.0,,,,,,0.2402457956804298,0.0,1.0,1.0,0.0649881164587047,,0.0332480818414322,,,,,,,,,,,,,,,,,,,,,,,,,,,,,,,
2026-03-03T23:17:54+00:00,F54525 PAINT PACK.rpd,F54525-B-169,Brackets,W:\LASER\For Battleshield Fabrication\F54525\PAINT PACK\F54525-B-169.pdf,W:\LASER\For Battleshield Fabrication\F54525\PAINT PACK\F54525-B-169.dxf,0.3561094804890719,0.0,8.0,,,,,,0.0106798545307661,0.0,0.0,1.0,0.0092840166369578,,0.1258134490238611,,,,,,,,,,,,,,,,,,,,,,,,,,,,,,,
2026-03-03T23:17:54+00:00,F54525 PAINT PACK.rpd,F54525-B-17,Walls,W:\LASER\For Battleshield Fabrication\F54525\PAINT PACK\F54525-B-17.pdf,W:\LASER\For Battleshield Fabrication\F54525\PAINT PACK\F54525-B-17.dxf,3.20686614658498,0.0199999999997398,8.0,,,,,,0.0152941187370372,0.0,1.0,1.0,0.0103155740410642,,0.0,,,,,,,,,,,,,,,,,,,,,,,,,,,,,,,
2026-03-03T23:17:54+00:00,F54525 PAINT PACK.rpd,F54525-B-172,Brackets,W:\LASER\For Battleshield Fabrication\F54525\PAINT PACK\F54525-B-172.pdf,W:\LASER\For Battleshield Fabrication\F54525\PAINT PACK\F54525-B-172.dxf,15.069859711388029,0.999999999999986,10.0,,,,,,0.163408868484348,0.0,1.0,1.0,0.0830403710305671,,0.0675,,,,,,,,,,,,,,,,,,,,,,,,,,,,,,,
2026-03-03T23:17:54+00:00,F54525 PAINT PACK.rpd,F54525-B-174,Brackets,W:\LASER\For Battleshield Fabrication\F54525\PAINT PACK\F54525-B-174.pdf,W:\LASER\For Battleshield Fabrication\F54525\PAINT PACK\F54525-B-174.dxf,0.3531484541804735,0.0,18.0,,,,,,0.0575212931402841,0.0,0.0,1.0,0.0092840166369578,,0.096085409252669,,,,,,,,,,,,,,,,,,,,,,,,,,,,,,,
2026-03-03T23:17:55+00:00,F54525 PAINT PACK.rpd,F54525-B-175,Brackets,W:\LASER\For Battleshield Fabrication\F54525\PAINT PACK\F54525-B-175.pdf,W:\LASER\For Battleshield Fabrication\F54525\PAINT PACK\F54525-B-175.dxf,0.3374663725168467,0.0,22.0,,,,,,0.0779366968622043,0.0,0.0,1.0,0.0092840166369578,,0.0877458396369137,,,,,,,,,,,,,,,,,,,,,,,,,,,,,,,
2026-03-03T23:17:55+00:00,F54525 PAINT PACK.rpd,F54525-B-18,Walls,W:\LASER\For Battleshield Fabrication\F54525\PAINT PACK\F54525-B-18.pdf,W:\LASER\For Battleshield Fabrication\F54525\PAINT PACK\F54525-B-18.dxf,0.084256049861672,0.0,4.0,,,,,,0.0,0.0,1.0,1.0,0.009799795339011,,0.0,,,,,,,,,,,,,,,,,,,,,,,,,,,,,,,
2026-03-03T23:17:55+00:00,F54525 PAINT PACK.rpd,F54525-B-19,Walls,W:\LASER\For Battleshield Fabrication\F54525\PAINT PACK\F54525-B-19.pdf,W:\LASER\For Battleshield Fabrication\F54525\PAINT PACK\F54525-B-19.dxf,3.2068661465831845,0.0200000000000538,16.0,,,,,,0.0738780088763152,0.0,1.0,1.0,0.009799795339011,,0.0,,,,,,,,,,,,,,,,,,,,,,,,,,,,,,,
2026-03-03T23:17:55+00:00,F54525 PAINT PACK.rpd,F54525-B-193,Backs,W:\LASER\For Battleshield Fabrication\F54525\PAINT PACK\F54525-B-193.pdf,W:\LASER\For Battleshield Fabrication\F54525\PAINT PACK\F54525-B-193.dxf,1.336194227743039,0.0069444444444331,13.0,,,,,,0.0369751124730174,0.0,1.0,1.0,0.1769120948042516,,0.0533980582524271,,,,,,,,,,,,,,,,,,,,,,,,,,,,,,,
2026-03-03T23:17:56+00:00,F54525 PAINT PACK.rpd,F54525-B-194,Flat Parts,W:\LASER\For Battleshield Fabrication\F54525\PAINT PACK\F54525-B-194.pdf,W:\LASER\For Battleshield Fabrication\F54525\PAINT PACK\F54525-B-194.dxf,0.2017708953742307,0.0,4.0,,,,,,0.0,0.0,1.0,1.0,0.0386834026539908,,0.0,,,,,,,,,,,,,,,,,,,,,,,,,,,,,,,
2026-03-03T23:17:56+00:00,F54525 PAINT PACK.rpd,F54525-B-195,Flat Parts,W:\LASER\For Battleshield Fabrication\F54525\PAINT PACK\F54525-B-195.pdf,W:\LASER\For Battleshield Fabrication\F54525\PAINT PACK\F54525-B-195.dxf,0.3061187214611873,0.0,4.0,,,,,,0.0,0.0,1.0,1.0,0.0386834026539908,,0.0,,,,,,,,,,,,,,,,,,,,,,,,,,,,,,,
2026-03-03T23:17:56+00:00,F54525 PAINT PACK.rpd,F54525-B-196,Brackets,W:\LASER\For Battleshield Fabrication\F54525\PAINT PACK\F54525-B-196.pdf,W:\LASER\For Battleshield Fabrication\F54525\PAINT PACK\F54525-B-196.dxf,20.04291341613632,3.999999999997753,13.0,,,,,,0.0645556690720882,0.0,1.0,1.0,0.0190838119759688,,0.1308411214953271,,,,,,,,,,,,,,,,,,,,,,,,,,,,,,,
2026-03-03T23:17:56+00:00,F54525 PAINT PACK.rpd,F54525-B-197,Brackets,W:\LASER\For Battleshield Fabrication\F54525\PAINT PACK\F54525-B-197.pdf,W:\LASER\For Battleshield Fabrication\F54525\PAINT PACK\F54525-B-197.dxf,0.0789633804054307,0.0,74.0,,,,,,0.0178186610077197,20.0,1.0,1.0,0.1882592262494223,,0.1373844121532364,,,,,,,,,,,,,,,,,,,,,,,,,,,,,,,
2026-03-03T23:17:57+00:00,F54525 PAINT PACK.rpd,F54525-B-198,Flat Parts,W:\LASER\For Battleshield Fabrication\F54525\PAINT PACK\F54525-B-198.pdf,W:\LASER\For Battleshield Fabrication\F54525\PAINT PACK\F54525-B-198.dxf,26.81326209517739,17.77833581282031,48.0,,,,,,0.103468131974099,0.0,1.0,2.0,0.009799795339011,,0.0,,,,,,,,,,,,,,,,,,,,,,,,,,,,,,,
2026-03-03T23:17:57+00:00,F54525 PAINT PACK.rpd,F54525-B-199,Brackets,W:\LASER\For Battleshield Fabrication\F54525\PAINT PACK\F54525-B-199.pdf,W:\LASER\For Battleshield Fabrication\F54525\PAINT PACK\F54525-B-199.dxf,1.0645313315561942,0.0,8.0,,,,,,0.0260636639820071,0.0,0.0,1.0,0.0835561497326203,,0.0989304812834224,,,,,,,,,,,,,,,,,,,,,,,,,,,,,,,
2026-03-03T23:17:57+00:00,F54525 PAINT PACK.rpd,F54525-B-2,Sides,W:\LASER\For Battleshield Fabrication\F54525\PAINT PACK\F54525-B-2.pdf,W:\LASER\For Battleshield Fabrication\F54525\PAINT PACK\F54525-B-2.dxf,1.3361942277430665,0.2430555555556313,61.0,,,,,,0.0693246920311057,0.0,1.0,2.0,0.009799795339011,,0.0695012264922322,,,,,,,,,,,,,,,,,,,,,,,,,,,,,,,
2026-03-03T23:17:57+00:00,F54525 PAINT PACK.rpd,F54525-B-20,Walls,W:\LASER\For Battleshield Fabrication\F54525\PAINT PACK\F54525-B-20.pdf,W:\LASER\For Battleshield Fabrication\F54525\PAINT PACK\F54525-B-20.dxf,32.068661465810536,5.999999999991726,13.0,,,,,,0.0093739264909354,0.0,1.0,1.0,0.009799795339011,,0.0,,,,,,,,,,,,,,,,,,,,,,,,,,,,,,,
2026-03-03T23:17:57+00:00,F54525 PAINT PACK.rpd,F54525-B-200,Brackets,W:\LASER\For Battleshield Fabrication\F54525\PAINT PACK\F54525-B-200.pdf,W:\LASER\For Battleshield Fabrication\F54525\PAINT PACK\F54525-B-200.dxf,12.82746458633339,1.999999999999991,15.0,,,,,,0.3323497376267578,0.0,1.0,1.0,0.0649881164587047,,0.0318471337579617,,,,,,,,,,,,,,,,,,,,,,,,,,,,,,,
2026-03-03T23:17:58+00:00,F54525 PAINT PACK.rpd,F54525-B-201,Brackets,W:\LASER\For Battleshield Fabrication\F54525\PAINT PACK\F54525-B-201.pdf,W:\LASER\For Battleshield Fabrication\F54525\PAINT PACK\F54525-B-201.dxf,32.06866146574547,4.999999999977209,32.0,,,,,,0.0350488453607884,0.0,1.0,1.0,0.0691143460751303,,0.0868686868686868,,,,,,,,,,,,,,,,,,,,,,,,,,,,,,,
2026-03-03T23:17:58+00:00,F54525 PAINT PACK.rpd,F54525-B-202,Brackets,W:\LASER\For Battleshield Fabrication\F54525\PAINT PACK\F54525-B-202.pdf,W:\LASER\For Battleshield Fabrication\F54525\PAINT PACK\F54525-B-202.dxf,0.1386058168037314,0.0,4.0,,,,,,0.0,0.0,1.0,1.0,0.1727858651878259,,0.2116129032258064,,,,,,,,,,,,,,,,,,,,,,,,,,,,,,,
2026-03-03T23:17:58+00:00,F54525 PAINT PACK.rpd,F54525-B-204,Brackets,W:\LASER\For Battleshield Fabrication\F54525\PAINT PACK\F54525-B-204.pdf,W:\LASER\For Battleshield Fabrication\F54525\PAINT PACK\F54525-B-204.dxf,0.9891817052085858,0.0,14.0,,,,,,0.1873455794639303,0.0,0.0,1.0,0.0649881164587047,,0.0546875,,,,,,,,,,,,,,,,,,,,,,,,,,,,,,,
2026-03-03T23:17:58+00:00,F54525 PAINT PACK.rpd,F54525-B-21,Walls,W:\LASER\For Battleshield Fabrication\F54525\PAINT PACK\F54525-B-21.pdf,W:\LASER\For Battleshield Fabrication\F54525\PAINT PACK\F54525-B-21.dxf,2.915332860530329,4.779147107438214,28.0,,,,,,0.1058751867577031,0.0,1.0,1.0,0.0103155740410642,,0.0,,,,,,,,,,,,,,,,,,,,,,,,,,,,,,,
2026-03-03T23:17:59+00:00,F54525 PAINT PACK.rpd,F54525-B-210,Brackets,W:\LASER\For Battleshield Fabrication\F54525\PAINT PACK\F54525-B-210.pdf,W:\LASER\For Battleshield Fabrication\F54525\PAINT PACK\F54525-B-210.dxf,0.342752607870634,0.0,8.0,,,,,,0.0,0.0,1.0,1.0,0.0190838119759688,,0.1327231121281464,,,,,,,,,,,,,,,,,,,,,,,,,,,,,,,
2026-03-03T23:17:59+00:00,F54525 PAINT PACK.rpd,F54525-B-22,Walls,W:\LASER\For Battleshield Fabrication\F54525\PAINT PACK\F54525-B-22.pdf,W:\LASER\For Battleshield Fabrication\F54525\PAINT PACK\F54525-B-22.dxf,2.9153328605302504,5.071235173553702,37.0,,,,,,0.0906120222918158,0.0,1.0,1.0,0.0103155740410642,,0.0,,,,,,,,,,,,,,,,,,,,,,,,,,,,,,,
2026-03-03T23:17:59+00:00,F54525 PAINT PACK.rpd,F54525-B-23,Flat Parts,W:\LASER\For Battleshield Fabrication\F54525\PAINT PACK\F54525-B-23.pdf,W:\LASER\For Battleshield Fabrication\F54525\PAINT PACK\F54525-B-23.dxf,5.344776910972481,0.5694444444445212,16.0,,,,,,0.0690092254034573,0.0,1.0,1.0,0.009799795339011,,0.0,,,,,,,,,,,,,,,,,,,,,,,,,,,,,,,
2026-03-03T23:17:59+00:00,F54525 PAINT PACK.rpd,F54525-B-24,Backs,W:\LASER\For Battleshield Fabrication\F54525\PAINT PACK\F54525-B-24.pdf,W:\LASER\For Battleshield Fabrication\F54525\PAINT PACK\F54525-B-24.dxf,1.3361942277430552,0.6336805555555562,14.0,,,,,,0.0917866922342491,0.0,1.0,1.0,0.009799795339011,,0.0392491467576791,,,,,,,,,,,,,,,,,,,,,,,,,,,,,,,
2026-03-03T23:17:59+00:00,F54525 PAINT PACK.rpd,F54525-B-25,Bottoms,W:\LASER\For Battleshield Fabrication\F54525\PAINT PACK\F54525-B-25.pdf,W:\LASER\For Battleshield Fabrication\F54525\PAINT PACK\F54525-B-25.dxf,10.68955382192341,0.999999999998004,6.0,,,,,,0.0126770271631738,0.0,1.0,1.0,0.009799795339011,,0.1268221574344023,,,,,,,,,,,,,,,,,,,,,,,,,,,,,,,
2026-03-03T23:18:00+00:00,F54525 PAINT PACK.rpd,F54525-B-26,Backs,W:\LASER\For Battleshield Fabrication\F54525\PAINT PACK\F54525-B-26.pdf,W:\LASER\For Battleshield Fabrication\F54525\PAINT PACK\F54525-B-26.dxf,0.0703648083030557,0.0,20.0,,,,,,0.0,16.0,1.0,1.0,0.019599590678022,,0.0633946830265848,,,,,,,,,,,,,,,,,,,,,,,,,,,,,,,
2026-03-03T23:18:00+00:00,F54525 PAINT PACK.rpd,F54525-B-27,Tops,W:\LASER\For Battleshield Fabrication\F54525\PAINT PACK\F54525-B-27.pdf,W:\LASER\For Battleshield Fabrication\F54525\PAINT PACK\F54525-B-27.dxf,0.0927053037476303,0.0,4.0,,,,,,0.0,0.0,1.0,1.0,0.0092840166369578,,0.0830564784053156,,,,,,,,,,,,,,,,,,,,,,,,,,,,,,,
2026-03-03T23:18:00+00:00,F54525 PAINT PACK.rpd,F54525-B-28,Backs,W:\LASER\For Battleshield Fabrication\F54525\PAINT PACK\F54525-B-28.pdf,W:\LASER\For Battleshield Fabrication\F54525\PAINT PACK\F54525-B-28.dxf,1.3361942277430714,0.0069444444444474,13.0,,,,,,0.063975012339071,0.0,1.0,1.0,0.009799795339011,,0.0391752577319587,,,,,,,,,,,,,,,,,,,,,,,,,,,,,,,
2026-03-03T23:18:00+00:00,F54525 PAINT PACK.rpd,F54525-B-29,Brackets,W:\LASER\For Battleshield Fabrication\F54525\PAINT PACK\F54525-B-29.pdf,W:\LASER\For Battleshield Fabrication\F54525\PAINT PACK\F54525-B-29.dxf,0.6792506063644986,0.0,32.0,,,,,,0.1033672153324155,0.0,0.0,1.0,0.0092840166369578,,0.0572916666666666,,,,,,,,,,,,,,,,,,,,,,,,,,,,,,,
2026-03-03T23:18:01+00:00,F54525 PAINT PACK.rpd,F54525-B-3,Sides,W:\LASER\For Battleshield Fabrication\F54525\PAINT PACK\F54525-B-3.pdf,W:\LASER\For Battleshield Fabrication\F54525\PAINT PACK\F54525-B-3.dxf,32.068661465670985,6.999999999965451,110.0,,,,,,0.0089103370732194,0.0,1.0,2.0,0.0582829933320129,,0.0793650793650793,,,,,,,,,,,,,,,,,,,,,,,,,,,,,,,
2026-03-03T23:18:01+00:00,F54525 PAINT PACK.rpd,F54525-B-30,Brackets,W:\LASER\For Battleshield Fabrication\F54525\PAINT PACK\F54525-B-30.pdf,W:\LASER\For Battleshield Fabrication\F54525\PAINT PACK\F54525-B-30.dxf,0.6795406195457353,0.0,32.0,,,,,,0.1047457874853375,0.0,0.0,1.0,0.0851034858387799,,0.0704918032786885,,,,,,,,,,,,,,,,,,,,,,,,,,,,,,,
2026-03-03T23:18:01+00:00,F54525 PAINT PACK.rpd,F54525-B-31,Brackets,W:\LASER\For Battleshield Fabrication\F54525\PAINT PACK\F54525-B-31.pdf,W:\LASER\For Battleshield Fabrication\F54525\PAINT PACK\F54525-B-31.dxf,0.2298506425178245,0.0,48.0,,,,,,0.3240952734003291,0.0,0.0,1.0,0.0851034858387799,,0.1080485115766262,,,,,,,,,,,,,,,,,,,,,,,,,,,,,,,
2026-03-03T23:18:01+00:00,F54525 PAINT PACK.rpd,F54525-B-32,Brackets,W:\LASER\For Battleshield Fabrication\F54525\PAINT PACK\F54525-B-32.pdf,W:\LASER\For Battleshield Fabrication\F54525\PAINT PACK\F54525-B-32.dxf,0.7520512929070832,0.0,20.0,,,,,,0.1352589094398051,0.0,0.0,1.0,0.0660196738628111,,0.0810276679841897,,,,,,,,,,,,,,,,,,,,,,,,,,,,,,,
2026-03-03T23:18:02+00:00,F54525 PAINT PACK.rpd,F54525-B-33,Brackets,W:\LASER\For Battleshield Fabrication\F54525\PAINT PACK\F54525-B-33.pdf,W:\LASER\For Battleshield Fabrication\F54525\PAINT PACK\F54525-B-33.dxf,0.8031958565099536,0.0,20.0,,,,,,0.1677617641944445,0.0,0.0,1.0,0.0660196738628111,,0.0663811563169164,,,,,,,,,,,,,,,,,,,,,,,,,,,,,,,
2026-03-03T23:18:02+00:00,F54525 PAINT PACK.rpd,F54525-B-34,Brackets,W:\LASER\For Battleshield Fabrication\F54525\PAINT PACK\F54525-B-34.pdf,W:\LASER\For Battleshield Fabrication\F54525\PAINT PACK\F54525-B-34.dxf,0.6660991594364155,0.0,44.0,,,,,,0.109547183392111,0.0,0.0,1.0,0.0758194692018221,,0.0605633802816901,,,,,,,,,,,,,,,,,,,,,,,,,,,,,,,
2026-03-03T23:18:02+00:00,F54525 PAINT PACK.rpd,F54525-B-35,Tops,W:\LASER\For Battleshield Fabrication\F54525\PAINT PACK\F54525-B-35.pdf,W:\LASER\For Battleshield Fabrication\F54525\PAINT PACK\F54525-B-35.dxf,0.0645931550325755,0.0,4.0,,,,,,0.0,0.0,1.0,1.0,0.009799795339011,,0.1121951219512195,,,,,,,,,,,,,,,,,,,,,,,,,,,,,,,
2026-03-03T23:18:02+00:00,F54525 PAINT PACK.rpd,F54525-B-36,Brackets,W:\LASER\For Battleshield Fabrication\F54525\PAINT PACK\F54525-B-36.pdf,W:\LASER\For Battleshield Fabrication\F54525\PAINT PACK\F54525-B-36.dxf,0.3123173102547888,0.0,16.0,,,,,,0.0,0.0,1.0,1.0,0.009799795339011,,0.0929432013769363,,,,,,,,,,,,,,,,,,,,,,,,,,,,,,,
2026-03-03T23:18:02+00:00,F54525 PAINT PACK.rpd,F54525-B-37,Bottoms,W:\LASER\For Battleshield Fabrication\F54525\PAINT PACK\F54525-B-37.pdf,W:\LASER\For Battleshield Fabrication\F54525\PAINT PACK\F54525-B-37.dxf,10.689553821944834,0.9999999999989072,6.0,,,,,,0.0120605769946456,0.0,1.0,1.0,0.0288836073149798,,0.1215559157212317,,,,,,,,,,,,,,,,,,,,,,,,,,,,,,,
2026-03-03T23:18:03+00:00,F54525 PAINT PACK.rpd,F54525-B-38,Brackets,W:\LASER\For Battleshield Fabrication\F54525\PAINT PACK\F54525-B-38.pdf,W:\LASER\For Battleshield Fabrication\F54525\PAINT PACK\F54525-B-38.dxf,0.2980338631249303,0.0,8.0,,,,,,0.0,0.0,1.0,1.0,0.0092840166369578,,0.1380846325167037,,,,,,,,,,,,,,,,,,,,,,,,,,,,,,,
2026-03-03T23:18:03+00:00,F54525 PAINT PACK.rpd,F54525-B-39,Wheel Wells,W:\LASER\For Battleshield Fabrication\F54525\PAINT PACK\F54525-B-39.pdf,W:\LASER\For Battleshield Fabrication\F54525\PAINT PACK\F54525-B-39.dxf,4.008582683229048,2.093749999999841,17.0,,,,,,0.3637596000563466,0.0,1.0,1.0,0.009799795339011,,0.0340775558166862,,,,,,,,,,,,,,,,,,,,,,,,,,,,,,,
2026-03-03T23:18:03+00:00,F54525 PAINT PACK.rpd,F54525-B-4,Bottoms,W:\LASER\For Battleshield Fabrication\F54525\PAINT PACK\F54525-B-4.pdf,W:\LASER\For Battleshield Fabrication\F54525\PAINT PACK\F54525-B-4.dxf,4.008582683229158,1.5976562500000588,207.0,,,,,,0.042353942478053,0.0,1.0,2.0,0.1232711097907176,,0.0602910602910602,,,,,,,,,,,,,,,,,,,,,,,,,,,,,,,
2026-03-03T23:18:03+00:00,F54525 PAINT PACK.rpd,F54525-B-40,Wheel Wells,W:\LASER\For Battleshield Fabrication\F54525\PAINT PACK\F54525-B-40.pdf,W:\LASER\For Battleshield Fabrication\F54525\PAINT PACK\F54525-B-40.dxf,0.0826791807988261,0.0,8.0,,,,,,0.3287230800987203,0.0,0.0,1.0,0.009799795339011,,0.050709939148073,,,,,,,,,,,,,,,,,,,,,,,,,,,,,,,
2026-03-03T23:18:04+00:00,F54525 PAINT PACK.rpd,F54525-B-41,Brackets,W:\LASER\For Battleshield Fabrication\F54525\PAINT PACK\F54525-B-41.pdf,W:\LASER\For Battleshield Fabrication\F54525\PAINT PACK\F54525-B-41.dxf,0.2716245079208667,0.0,8.0,,,,,,0.0,0.0,1.0,1.0,0.009799795339011,,0.1488933601609658,,,,,,,,,,,,,,,,,,,,,,,,,,,,,,,
2026-03-03T23:18:04+00:00,F54525 PAINT PACK.rpd,F54525-B-42,Sides,W:\LASER\For Battleshield Fabrication\F54525\PAINT PACK\F54525-B-42.pdf,W:\LASER\For Battleshield Fabrication\F54525\PAINT PACK\F54525-B-42.dxf,0.317315006257839,0.0,25.0,,,,,,0.0252501903273752,0.0,0.0,1.0,0.0469358618868422,,0.0896159317211948,,,,,,,,,,,,,,,,,,,,,,,,,,,,,,,
2026-03-03T23:18:04+00:00,F54525 PAINT PACK.rpd,F54525-B-43,Walls,W:\LASER\For Battleshield Fabrication\F54525\PAINT PACK\F54525-B-43.pdf,W:\LASER\For Battleshield Fabrication\F54525\PAINT PACK\F54525-B-43.dxf,3.2068661465834816,0.0199999999999744,8.0,,,,,,0.0152941187370372,0.0,1.0,1.0,0.0103155740410642,,0.0,,,,,,,,,,,,,,,,,,,,,,,,,,,,,,,
2026-03-03T23:18:04+00:00,F54525 PAINT PACK.rpd,F54525-B-44,Bottoms,W:\LASER\For Battleshield Fabrication\F54525\PAINT PACK\F54525-B-44.pdf,W:\LASER\For Battleshield Fabrication\F54525\PAINT PACK\F54525-B-44.dxf,4.008582683229158,1.5312500000001208,257.0,,,,,,0.0592304753777411,0.0,1.0,2.0,0.124302667194824,,0.0404454865181711,,,,,,,,,,,,,,,,,,,,,,,,,,,,,,,
2026-03-03T23:18:05+00:00,F54525 PAINT PACK.rpd,F54525-B-45,Tops,W:\LASER\For Battleshield Fabrication\F54525\PAINT PACK\F54525-B-45.pdf,W:\LASER\For Battleshield Fabrication\F54525\PAINT PACK\F54525-B-45.dxf,0.0644830652000266,0.0,14.0,,,,,,0.003124014356325,0.0,0.0,1.0,0.019599590678022,,0.0847176079734219,,,,,,,,,,,,,,,,,,,,,,,,,,,,,,,
2026-03-03T23:18:05+00:00,F54525 PAINT PACK.rpd,F54525-B-46,Tall Sides,W:\LASER\For Battleshield Fabrication\F54525\PAINT PACK\F54525-B-46.pdf,W:\LASER\For Battleshield Fabrication\F54525\PAINT PACK\F54525-B-46.dxf,32.068661465075394,6.999999999767736,116.0,,,,,,0.0088337705223925,0.0,1.0,2.0,0.019599590678022,,0.0659150043365134,,,,,,,,,,,,,,,,,,,,,,,,,,,,,,,
2026-03-03T23:18:05+00:00,F54525 PAINT PACK.rpd,F54525-B-47,Tall Sides,W:\LASER\For Battleshield Fabrication\F54525\PAINT PACK\F54525-B-47.pdf,W:\LASER\For Battleshield Fabrication\F54525\PAINT PACK\F54525-B-47.dxf,1.3361942277430667,0.2638888888889565,79.0,,,,,,0.0829502773217861,0.0,1.0,2.0,0.0381676239519376,,0.0554480980012894,,,,,,,,,,,,,,,,,,,,,,,,,,,,,,,
2026-03-03T23:18:05+00:00,F54525 PAINT PACK.rpd,F54525-B-48,Wheel Wells,W:\LASER\For Battleshield Fabrication\F54525\PAINT PACK\F54525-B-48.pdf,W:\LASER\For Battleshield Fabrication\F54525\PAINT PACK\F54525-B-48.dxf,4.008582683226901,2.0937499999979745,17.0,,,,,,0.3637596000563466,0.0,1.0,1.0,0.009799795339011,,0.029868578255675,,,,,,,,,,,,,,,,,,,,,,,,,,,,,,,
2026-03-03T23:18:06+00:00,F54525 PAINT PACK.rpd,F54525-B-49,Bottoms,W:\LASER\For Battleshield Fabrication\F54525\PAINT PACK\F54525-B-49.pdf,W:\LASER\For Battleshield Fabrication\F54525\PAINT PACK\F54525-B-49.dxf,4.008582683229013,1.4687500000003155,192.0,,,,,,0.1008219847814017,0.0,1.0,2.0,0.1248184458968772,,0.0465273095077545,,,,,,,,,,,,,,,,,,,,,,,,,,,,,,,
2026-03-03T23:18:06+00:00,F54525 PAINT PACK.rpd,F54525-B-5,Tops,W:\LASER\For Battleshield Fabrication\F54525\PAINT PACK\F54525-B-5.pdf,W:\LASER\For Battleshield Fabrication\F54525\PAINT PACK\F54525-B-5.dxf,0.1403612515565633,0.0,20.0,,,,,,0.0,14.0,1.0,1.0,0.0567356572258533,,0.0807899461400359,,,,,,,,,,,,,,,,,,,,,,,,,,,,,,,
2026-03-03T23:18:06+00:00,F54525 PAINT PACK.rpd,F54525-B-50,Tall Sides,W:\LASER\For Battleshield Fabrication\F54525\PAINT PACK\F54525-B-50.pdf,W:\LASER\For Battleshield Fabrication\F54525\PAINT PACK\F54525-B-50.dxf,4.008582683228804,3.500000000000154,88.0,,,,,,0.0829502773217861,0.0,1.0,2.0,0.0479674192909487,,0.0478043357420789,,,,,,,,,,,,,,,,,,,,,,,,,,,,,,,
2026-03-03T23:18:06+00:00,F54525 PAINT PACK.rpd,F54525-B-51,Tall Sides,W:\LASER\For Battleshield Fabrication\F54525\PAINT PACK\F54525-B-51.pdf,W:\LASER\For Battleshield Fabrication\F54525\PAINT PACK\F54525-B-51.dxf,1.68782428767545,0.1772853185595557,50.0,,,,,,0.0427145949226616,0.0,1.0,2.0,0.0572514359279065,,0.0890269151138716,,,,,,,,,,,,,,,,,,,,,,,,,,,,,,,
2026-03-03T23:18:07+00:00,F54525 PAINT PACK.rpd,F54525-B-52,Tops,W:\LASER\For Battleshield Fabrication\F54525\PAINT PACK\F54525-B-52.pdf,W:\LASER\For Battleshield Fabrication\F54525\PAINT PACK\F54525-B-52.dxf,2.915332860530325,0.0,15.0,,,,,,0.0218188164259387,0.0,0.0,1.0,0.029399386017033,,0.0653495440729483,,,,,,,,,,,,,,,,,,,,,,,,,,,,,,,
2026-03-03T23:18:07+00:00,F54525 PAINT PACK.rpd,F54525-B-53,Brackets,W:\LASER\For Battleshield Fabrication\F54525\PAINT PACK\F54525-B-53.pdf,W:\LASER\For Battleshield Fabrication\F54525\PAINT PACK\F54525-B-53.dxf,0.2841179771087693,0.0,8.0,,,,,,0.0,0.0,1.0,1.0,0.0092840166369578,,0.1401273885350318,,,,,,,,,,,,,,,,,,,,,,,,,,,,,,,
2026-03-03T23:18:07+00:00,F54525 PAINT PACK.rpd,F54525-B-54,Walls,W:\LASER\For Battleshield Fabrication\F54525\PAINT PACK\F54525-B-54.pdf,W:\LASER\For Battleshield Fabrication\F54525\PAINT PACK\F54525-B-54.dxf,32.068661465801256,5.999999999987081,14.0,,,,,,0.0102320876793386,0.0,1.0,1.0,0.009799795339011,,0.0,,,,,,,,,,,,,,,,,,,,,,,,,,,,,,,
2026-03-03T23:18:07+00:00,F54525 PAINT PACK.rpd,F54525-B-55,Walls,W:\LASER\For Battleshield Fabrication\F54525\PAINT PACK\F54525-B-55.pdf,W:\LASER\For Battleshield Fabrication\F54525\PAINT PACK\F54525-B-55.dxf,3.2068661465831823,0.0200000000001467,9.0,,,,,,0.0435231945279569,0.0,1.0,1.0,0.009799795339011,,0.0,,,,,,,,,,,,,,,,,,,,,,,,,,,,,,,
2026-03-03T23:18:07+00:00,F54525 PAINT PACK.rpd,F54525-B-56,Walls,W:\LASER\For Battleshield Fabrication\F54525\PAINT PACK\F54525-B-56.pdf,W:\LASER\For Battleshield Fabrication\F54525\PAINT PACK\F54525-B-56.dxf,0.1502509360203797,0.0,8.0,,,,,,0.0,0.0,1.0,1.0,0.009799795339011,,0.0,,,,,,,,,,,,,,,,,,,,,,,,,,,,,,,
2026-03-03T23:18:08+00:00,F54525 PAINT PACK.rpd,F54525-B-57,Walls,W:\LASER\For Battleshield Fabrication\F54525\PAINT PACK\F54525-B-57.pdf,W:\LASER\For Battleshield Fabrication\F54525\PAINT PACK\F54525-B-57.dxf,0.0650522455394825,0.0,4.0,,,,,,0.0,0.0,1.0,1.0,0.0386834026539908,,0.0,,,,,,,,,,,,,,,,,,,,,,,,,,,,,,,
2026-03-03T23:18:08+00:00,F54525 PAINT PACK.rpd,F54525-B-58,Bottoms,W:\LASER\For Battleshield Fabrication\F54525\PAINT PACK\F54525-B-58.pdf,W:\LASER\For Battleshield Fabrication\F54525\PAINT PACK\F54525-B-58.dxf,4.008582683229198,0.4687499999999507,166.0,,,,,,0.0950116463857102,0.0,1.0,2.0,0.124302667194824,,0.041727672035139,,,,,,,,,,,,,,,,,,,,,,,,,,,,,,,
2026-03-03T23:18:08+00:00,F54525 PAINT PACK.rpd,F54525-B-59,Tall Sides,W:\LASER\For Battleshield Fabrication\F54525\PAINT PACK\F54525-B-59.pdf,W:\LASER\For Battleshield Fabrication\F54525\PAINT PACK\F54525-B-59.dxf,5.9999999999999245,8.457777777777842,86.0,,,,,,0.0013578324280053,0.0,1.0,2.0,0.0866508219449395,,0.0764192139737991,,,,,,,,,,,,,,,,,,,,,,,,,,,,,,,
2026-03-03T23:18:08+00:00,F54525 PAINT PACK.rpd,F54525-B-6,Sides,W:\LASER\For Battleshield Fabrication\F54525\PAINT PACK\F54525-B-6.pdf,W:\LASER\For Battleshield Fabrication\F54525\PAINT PACK\F54525-B-6.dxf,1.687824287675425,0.1772853185595525,44.0,,,,,,0.0432703089466313,0.0,1.0,2.0,0.0582829933320129,,0.1056818181818181,,,,,,,,,,,,,,,,,,,,,,,,,,,,,,,
2026-03-03T23:18:09+00:00,F54525 PAINT PACK.rpd,F54525-B-60,Tops,W:\LASER\For Battleshield Fabrication\F54525\PAINT PACK\F54525-B-60.pdf,W:\LASER\For Battleshield Fabrication\F54525\PAINT PACK\F54525-B-60.dxf,2.9153328605303326,0.0,10.0,,,,,,0.0242326922945634,0.0,0.0,1.0,0.0288836073149798,,0.0721153846153846,,,,,,,,,,,,,,,,,,,,,,,,,,,,,,,
2026-03-03T23:18:09+00:00,F54525 PAINT PACK.rpd,F54525-B-61,Brackets,W:\LASER\For Battleshield Fabrication\F54525\PAINT PACK\F54525-B-61.pdf,W:\LASER\For Battleshield Fabrication\F54525\PAINT PACK\F54525-B-61.dxf,0.2927540355516146,0.0,8.0,,,,,,0.0,0.0,1.0,1.0,0.0283678286129266,,0.1455301455301455,,,,,,,,,,,,,,,,,,,,,,,,,,,,,,,
2026-03-03T23:18:09+00:00,F54525 PAINT PACK.rpd,F54525-B-62,Brackets,W:\LASER\For Battleshield Fabrication\F54525\PAINT PACK\F54525-B-62.pdf,W:\LASER\For Battleshield Fabrication\F54525\PAINT PACK\F54525-B-62.dxf,0.3154759155571368,0.0,8.0,,,,,,0.0,0.0,1.0,1.0,0.0092840166369578,,0.1243781094527363,,,,,,,,,,,,,,,,,,,,,,,,,,,,,,,
2026-03-03T23:18:09+00:00,F54525 PAINT PACK.rpd,F54525-B-63,Flat Parts,W:\LASER\For Battleshield Fabrication\F54525\PAINT PACK\F54525-B-63.pdf,W:\LASER\For Battleshield Fabrication\F54525\PAINT PACK\F54525-B-63.dxf,0.1829003306565895,0.0,4.0,,,,,,0.0,0.0,1.0,1.0,0.009799795339011,,0.0,,,,,,,,,,,,,,,,,,,,,,,,,,,,,,,
2026-03-03T23:18:09+00:00,F54525 PAINT PACK.rpd,F54525-B-64,Tall Sides,W:\LASER\For Battleshield Fabrication\F54525\PAINT PACK\F54525-B-64.pdf,W:\LASER\For Battleshield Fabrication\F54525\PAINT PACK\F54525-B-64.dxf,1.687824287675453,0.0,80.0,,,,,,0.024284439036996,0.0,1.0,1.0,0.1134713144517066,,0.1230893000804505,,,,,,,,,,,,,,,,,,,,,,,,,,,,,,,
2026-03-03T23:18:10+00:00,F54525 PAINT PACK.rpd,F54525-B-65,Backs,W:\LASER\For Battleshield Fabrication\F54525\PAINT PACK\F54525-B-65.pdf,W:\LASER\For Battleshield Fabrication\F54525\PAINT PACK\F54525-B-65.dxf,1.3361942277430632,0.6336805555556074,12.0,,,,,,0.1114650605515427,0.0,1.0,1.0,0.009799795339011,,0.0328151986183074,,,,,,,,,,,,,,,,,,,,,,,,,,,,,,,
2026-03-03T23:18:10+00:00,F54525 PAINT PACK.rpd,F54525-B-66,Brackets,W:\LASER\For Battleshield Fabrication\F54525\PAINT PACK\F54525-B-66.pdf,W:\LASER\For Battleshield Fabrication\F54525\PAINT PACK\F54525-B-66.dxf,0.7727343119323687,0.0,20.0,,,,,,0.1528023502180253,0.0,0.0,1.0,0.0758194692018221,,0.0656779661016949,,,,,,,,,,,,,,,,,,,,,,,,,,,,,,,
2026-03-03T23:18:10+00:00,F54525 PAINT PACK.rpd,F54525-B-67,Bottoms,W:\LASER\For Battleshield Fabrication\F54525\PAINT PACK\F54525-B-67.pdf,W:\LASER\For Battleshield Fabrication\F54525\PAINT PACK\F54525-B-67.dxf,4.008582683229049,1.5185546875000713,249.0,,,,,,0.0445302248491224,0.0,1.0,2.0,0.1227553310886644,,0.0465273095077545,,,,,,,,,,,,,,,,,,,,,,,,,,,,,,,
2026-03-03T23:18:10+00:00,F54525 PAINT PACK.rpd,F54525-B-68,Backs,W:\LASER\For Battleshield Fabrication\F54525\PAINT PACK\F54525-B-68.pdf,W:\LASER\For Battleshield Fabrication\F54525\PAINT PACK\F54525-B-68.dxf,0.1459873343085742,0.0,16.0,,,,,,0.0068128602591617,0.0,0.0,1.0,0.114502871855813,,0.0997109826589595,,,,,,,,,,,,,,,,,,,,,,,,,,,,,,,
2026-03-03T23:18:11+00:00,F54525 PAINT PACK.rpd,F54525-B-69,Tall Sides,W:\LASER\For Battleshield Fabrication\F54525\PAINT PACK\F54525-B-69.pdf,W:\LASER\For Battleshield Fabrication\F54525\PAINT PACK\F54525-B-69.dxf,5.344776910971694,0.0,80.0,,,,,,0.0097439004109831,0.0,0.0,1.0,0.1212079949825047,,0.1202830188679245,,,,,,,,,,,,,,,,,,,,,,,,,,,,,,,
2026-03-03T23:18:11+00:00,F54525 PAINT PACK.rpd,F54525-B-7,Sides,W:\LASER\For Battleshield Fabrication\F54525\PAINT PACK\F54525-B-7.pdf,W:\LASER\For Battleshield Fabrication\F54525\PAINT PACK\F54525-B-7.dxf,4.008582683229195,3.1250000000000573,58.0,,,,,,0.0543401020443765,0.0,1.0,2.0,0.1366813560441011,,0.0865921787709497,,,,,,,,,,,,,,,,,,,,,,,,,,,,,,,
2026-03-03T23:18:11+00:00,F54525 PAINT PACK.rpd,F54525-B-70,Brackets,W:\LASER\For Battleshield Fabrication\F54525\PAINT PACK\F54525-B-70.pdf,W:\LASER\For Battleshield Fabrication\F54525\PAINT PACK\F54525-B-70.dxf,16.034330732914626,0.9999999999985484,14.0,,,,,,0.033135537078681,0.0,1.0,1.0,0.009799795339011,,0.1278295605858855,,,,,,,,,,,,,,,,,,,,,,,,,,,,,,,
2026-03-03T23:18:11+00:00,F54525 PAINT PACK.rpd,F54525-B-71,Brackets,W:\LASER\For Battleshield Fabrication\F54525\PAINT PACK\F54525-B-71.pdf,W:\LASER\For Battleshield Fabrication\F54525\PAINT PACK\F54525-B-71.dxf,5.999999999999988,7.999999999999965,44.0,,,,,,0.0065978900492848,0.0,1.0,1.0,0.009799795339011,,0.1335311572700296,,,,,,,,,,,,,,,,,,,,,,,,,,,,,,,
2026-03-03T23:18:12+00:00,F54525 PAINT PACK.rpd,F54525-B-72,Brackets,W:\LASER\For Battleshield Fabrication\F54525\PAINT PACK\F54525-B-72.pdf,W:\LASER\For Battleshield Fabrication\F54525\PAINT PACK\F54525-B-72.dxf,0.3138536289501979,0.0,20.0,,,,,,0.0593253880442003,0.0,0.0,1.0,0.0763352479038753,,0.1049935979513444,,,,,,,,,,,,,,,,,,,,,,,,,,,,,,,
2026-03-03T23:18:12+00:00,F54525 PAINT PACK.rpd,F54525-B-73,Brackets,W:\LASER\For Battleshield Fabrication\F54525\PAINT PACK\F54525-B-73.pdf,W:\LASER\For Battleshield Fabrication\F54525\PAINT PACK\F54525-B-73.dxf,0.7639642390351412,0.0,20.0,,,,,,0.1424122715869641,0.0,0.0,1.0,0.0660196738628111,,0.06875,,,,,,,,,,,,,,,,,,,,,,,,,,,,,,,
2026-03-03T23:18:12+00:00,F54525 PAINT PACK.rpd,F54525-B-74,Brackets,W:\LASER\For Battleshield Fabrication\F54525\PAINT PACK\F54525-B-74.pdf,W:\LASER\For Battleshield Fabrication\F54525\PAINT PACK\F54525-B-74.dxf,0.7925216405126874,0.0,20.0,,,,,,0.1662818494141004,0.0,0.0,1.0,0.0660196738628111,,0.058695652173913,,,,,,,,,,,,,,,,,,,,,,,,,,,,,,,
2026-03-03T23:18:12+00:00,F54525 PAINT PACK.rpd,F54525-B-75,Brackets,W:\LASER\For Battleshield Fabrication\F54525\PAINT PACK\F54525-B-75.pdf,W:\LASER\For Battleshield Fabrication\F54525\PAINT PACK\F54525-B-75.dxf,0.70558709770164,0.0,32.0,,,,,,0.147544259361546,0.0,0.0,1.0,0.0753036904997689,,0.0702614379084967,,,,,,,,,,,,,,,,,,,,,,,,,,,,,,,
2026-03-03T23:18:13+00:00,F54525 PAINT PACK.rpd,F54525-B-76,Flat Parts,W:\LASER\For Battleshield Fabrication\F54525\PAINT PACK\F54525-B-76.pdf,W:\LASER\For Battleshield Fabrication\F54525\PAINT PACK\F54525-B-76.dxf,1.014181345886409,0.0,12.0,,,,,,0.2202560377868312,0.0,0.0,1.0,0.0092840166369578,,0.0,,,,,,,,,,,,,,,,,,,,,,,,,,,,,,,
2026-03-03T23:18:13+00:00,F54525 PAINT PACK.rpd,F54525-B-77,Flat Parts,W:\LASER\For Battleshield Fabrication\F54525\PAINT PACK\F54525-B-77.pdf,W:\LASER\For Battleshield Fabrication\F54525\PAINT PACK\F54525-B-77.dxf,1.4285714285714286,0.0,6.0,,,,,,0.2959501380703158,0.0,0.0,1.0,0.0092840166369578,,0.0,,,,,,,,,,,,,,,,,,,,,,,,,,,,,,,
2026-03-03T23:18:13+00:00,F54525 PAINT PACK.rpd,F54525-B-78,Brackets,W:\LASER\For Battleshield Fabrication\F54525\PAINT PACK\F54525-B-78.pdf,W:\LASER\For Battleshield Fabrication\F54525\PAINT PACK\F54525-B-78.dxf,0.2678493100313976,0.0,8.0,,,,,,0.0,0.0,1.0,1.0,0.1062504126229616,,0.151639344262295,,,,,,,,,,,,,,,,,,,,,,,,,,,,,,,
2026-03-03T23:18:13+00:00,F54525 PAINT PACK.rpd,F54525-B-79,Brackets,W:\LASER\For Battleshield Fabrication\F54525\PAINT PACK\F54525-B-79.pdf,W:\LASER\For Battleshield Fabrication\F54525\PAINT PACK\F54525-B-79.dxf,0.2936163559792653,0.0,8.0,,,,,,0.0,0.0,1.0,1.0,0.1036715191126955,,0.1416309012875536,,,,,,,,,,,,,,,,,,,,,,,,,,,,,,,
2026-03-03T23:18:14+00:00,F54525 PAINT PACK.rpd,F54525-B-8,Tops,W:\LASER\For Battleshield Fabrication\F54525\PAINT PACK\F54525-B-8.pdf,W:\LASER\For Battleshield Fabrication\F54525\PAINT PACK\F54525-B-8.dxf,1.3361942277430603,0.0069444444444252,19.0,,,,,,0.0400849824319067,0.0,1.0,1.0,0.0201153693800752,,0.032051282051282,,,,,,,,,,,,,,,,,,,,,,,,,,,,,,,
2026-03-03T23:18:14+00:00,F54525 PAINT PACK.rpd,F54525-B-80,Brackets,W:\LASER\For Battleshield Fabrication\F54525\PAINT PACK\F54525-B-80.pdf,W:\LASER\For Battleshield Fabrication\F54525\PAINT PACK\F54525-B-80.dxf,0.9839988760265208,0.0,8.0,,,,,,0.0,0.0,1.0,1.0,0.0185680332739156,,0.0631313131313131,,,,,,,,,,,,,,,,,,,,,,,,,,,,,,,
2026-03-03T23:18:14+00:00,F54525 PAINT PACK.rpd,F54525-B-81,Brackets,W:\LASER\For Battleshield Fabrication\F54525\PAINT PACK\F54525-B-81.pdf,W:\LASER\For Battleshield Fabrication\F54525\PAINT PACK\F54525-B-81.dxf,0.3682608527838089,0.0,24.0,,,,,,0.1264145489929823,0.0,0.0,1.0,0.0190838119759688,,0.0754716981132075,,,,,,,,,,,,,,,,,,,,,,,,,,,,,,,
2026-03-03T23:18:14+00:00,F54525 PAINT PACK.rpd,F54525-B-82,Flat Parts,W:\LASER\For Battleshield Fabrication\F54525\PAINT PACK\F54525-B-82.pdf,W:\LASER\For Battleshield Fabrication\F54525\PAINT PACK\F54525-B-82.dxf,0.0629432624113475,0.0,4.0,,,,,,0.0,0.0,1.0,1.0,0.0386834026539908,,0.0,,,,,,,,,,,,,,,,,,,,,,,,,,,,,,,
2026-03-03T23:18:15+00:00,F54525 PAINT PACK.rpd,F54525-B-83,Flat Parts,W:\LASER\For Battleshield Fabrication\F54525\PAINT PACK\F54525-B-83.pdf,W:\LASER\For Battleshield Fabrication\F54525\PAINT PACK\F54525-B-83.dxf,0.0629432624113475,0.0465979609929077,8.0,,,,,,0.0,0.0,1.0,1.0,0.0386834026539908,,0.0,,,,,,,,,,,,,,,,,,,,,,,,,,,,,,,
2026-03-03T23:18:15+00:00,F54525 PAINT PACK.rpd,F54525-B-84,Walls,W:\LASER\For Battleshield Fabrication\F54525\PAINT PACK\F54525-B-84.pdf,W:\LASER\For Battleshield Fabrication\F54525\PAINT PACK\F54525-B-84.dxf,0.0619329995589993,0.0,30.0,,,,,,0.0011406894820238,0.0,0.0,1.0,0.1191448801742919,,0.0049504950495049,,,,,,,,,,,,,,,,,,,,,,,,,,,,,,,
2026-03-03T23:18:15+00:00,F54525 PAINT PACK.rpd,F54525-B-85,Brackets,W:\LASER\For Battleshield Fabrication\F54525\PAINT PACK\F54525-B-85.pdf,W:\LASER\For Battleshield Fabrication\F54525\PAINT PACK\F54525-B-85.dxf,0.6879352260660039,0.0,8.0,,,,,,0.0,0.0,1.0,1.0,0.0092840166369578,,0.1018957345971564,,,,,,,,,,,,,,,,,,,,,,,,,,,,,,,
2026-03-03T23:18:15+00:00,F54525 PAINT PACK.rpd,F54525-B-86,Walls,W:\LASER\For Battleshield Fabrication\F54525\PAINT PACK\F54525-B-86.pdf,W:\LASER\For Battleshield Fabrication\F54525\PAINT PACK\F54525-B-86.dxf,0.0744690923579834,0.0,16.0,,,,,,0.0030496707209901,0.0,0.0,1.0,0.009799795339011,,0.0,,,,,,,,,,,,,,,,,,,,,,,,,,,,,,,
2026-03-03T23:18:15+00:00,F54525 PAINT PACK.rpd,F54525-B-87,Flat Parts,W:\LASER\For Battleshield Fabrication\F54525\PAINT PACK\F54525-B-87.pdf,W:\LASER\For Battleshield Fabrication\F54525\PAINT PACK\F54525-B-87.dxf,0.2193068191103213,0.0,5.0,,,,,,0.0,0.0,1.0,1.0,0.0386834026539908,,0.0,,,,,,,,,,,,,,,,,,,,,,,,,,,,,,,
2026-03-03T23:18:16+00:00,F54525 PAINT PACK.rpd,F54525-B-88,Flat Parts,W:\LASER\For Battleshield Fabrication\F54525\PAINT PACK\F54525-B-88.pdf,W:\LASER\For Battleshield Fabrication\F54525\PAINT PACK\F54525-B-88.dxf,0.1644989627018534,0.0,4.0,,,,,,0.0,0.0,1.0,1.0,0.0103155740410642,,0.0,,,,,,,,,,,,,,,,,,,,,,,,,,,,,,,
2026-03-03T23:18:16+00:00,F54525 PAINT PACK.rpd,F54525-B-89,Brackets,W:\LASER\For Battleshield Fabrication\F54525\PAINT PACK\F54525-B-89.pdf,W:\LASER\For Battleshield Fabrication\F54525\PAINT PACK\F54525-B-89.dxf,4.581237352261945,0.0408163265306171,7.0,,,,,,0.1046060973361082,0.0,1.0,1.0,0.0851034858387799,,0.0526315789473684,,,,,,,,,,,,,,,,,,,,,,,,,,,,,,,
2026-03-03T23:18:16+00:00,F54525 PAINT PACK.rpd,F54525-B-9,Bottoms,W:\LASER\For Battleshield Fabrication\F54525\PAINT PACK\F54525-B-9.pdf,W:\LASER\For Battleshield Fabrication\F54525\PAINT PACK\F54525-B-9.dxf,4.008582683229048,1.4394531249995657,159.0,,,,,,0.0699212113728705,0.0,1.0,2.0,0.1335866838317818,,0.0451306413301662,,,,,,,,,,,,,,,,,,,,,,,,,,,,,,,
2026-03-03T23:18:16+00:00,F54525 PAINT PACK.rpd,F54525-B-90,Brackets,W:\LASER\For Battleshield Fabrication\F54525\PAINT PACK\F54525-B-90.pdf,W:\LASER\For Battleshield Fabrication\F54525\PAINT PACK\F54525-B-90.dxf,0.2298506425178245,0.0,36.0,,,,,,0.235175669865153,0.0,0.0,1.0,0.1036715191126955,,0.104325699745547,,,,,,,,,,,,,,,,,,,,,,,,,,,,,,,
2026-03-03T23:18:17+00:00,F54525 PAINT PACK.rpd,F54525-B-91,Brackets,W:\LASER\For Battleshield Fabrication\F54525\PAINT PACK\F54525-B-91.pdf,W:\LASER\For Battleshield Fabrication\F54525\PAINT PACK\F54525-B-91.dxf,0.1444922673469203,0.0,4.0,,,,,,0.0,0.0,1.0,1.0,0.009799795339011,,0.1788461538461538,,,,,,,,,,,,,,,,,,,,,,,,,,,,,,,
2026-03-03T23:18:17+00:00,F54525 PAINT PACK.rpd,F54525-B-92,Brackets,W:\LASER\For Battleshield Fabrication\F54525\PAINT PACK\F54525-B-92.pdf,W:\LASER\For Battleshield Fabrication\F54525\PAINT PACK\F54525-B-92.dxf,0.1278267416259383,0.0,13.0,,,,,,0.002126241672609,0.0,0.0,1.0,0.1635018485508681,,0.1694915254237288,,,,,,,,,,,,,,,,,,,,,,,,,,,,,,,
2026-03-03T23:18:17+00:00,F54525 PAINT PACK.rpd,F54525-B-93,Brackets,W:\LASER\For Battleshield Fabrication\F54525\PAINT PACK\F54525-B-93.pdf,W:\LASER\For Battleshield Fabrication\F54525\PAINT PACK\F54525-B-93.dxf,0.278465667553598,0.0,5.0,,,,,,0.0,0.0,1.0,1.0,0.1139870931537598,,0.1514563106796116,,,,,,,,,,,,,,,,,,,,,,,,,,,,,,,
2026-03-03T23:18:17+00:00,F54525 PAINT PACK.rpd,F54525-B-94,Brackets,W:\LASER\For Battleshield Fabrication\F54525\PAINT PACK\F54525-B-94.pdf,W:\LASER\For Battleshield Fabrication\F54525\PAINT PACK\F54525-B-94.dxf,20.04291341614594,3.9999999999996394,13.0,,,,,,0.0492169430210984,0.0,1.0,1.0,0.0825245923285138,,0.1458885941644562,,,,,,,,,,,,,,,,,,,,,,,,,,,,,,,
2026-03-12T14:35:21+00:00,F55334 PAINT PACK.rpd,B-10,Flat Parts,W:\LASER\For Battleshield Fabrication\F55334\PAINT PACK\B-10.pdf,W:\LASER\For Battleshield Fabrication\F55334\PAINT PACK\B-10.dxf,0.46666666666666673,0.0,4.0,0.0,1.333333333333333,1.0,0.14285714285714277,1.0,0.0,0.0,2.0,1.0,0.007736680530798178,0.0,0.0,0.0,,,,,,,,,,,,,,,,,,,,,,,,,,,,,,
2026-03-12T14:35:21+00:00,F55334 PAINT PACK.rpd,B-100-R1,Brackets,W:\LASER\For Battleshield Fabrication\F55334\PAINT PACK\B-100-R1.pdf,W:\LASER\For Battleshield Fabrication\F55334\PAINT PACK\B-100-R1.dxf,16.034330732723767,0.0,10.0,0.0,1.0,0.7831571533297392,1.546814051864262e-13,0.1,0.013155092319861887,0.0,0.0,1.0,0.09490328117779098,0.0030946722123192712,0.11533242876526459,0.04290736071945971,,,,,,,,,,,,,,,,,,,,,,,,,,,,,,
2026-03-12T14:35:21+00:00,F55334 PAINT PACK.rpd,B-110,Brackets,W:\LASER\For Battleshield Fabrication\F55334\PAINT PACK\B-110.pdf,W:\LASER\For Battleshield Fabrication\F55334\PAINT PACK\B-110.dxf,0.3830547875334757,0.0,8.0,0.0,7.592670533103163,0.9995234065056228,1.4613561157423203,1.0,0.0,0.0,2.0,1.0,0.07427213309566251,0.0,0.19815668202764977,0.04340135475020187,,,,,,,,,,,,,,,,,,,,,,,,,,,,,,
2026-03-12T14:35:21+00:00,F55334 PAINT PACK.rpd,B-104,Brackets,W:\LASER\For Battleshield Fabrication\F55334\PAINT PACK\B-104.pdf,W:\LASER\For Battleshield Fabrication\F55334\PAINT PACK\B-104.dxf,20.042913416145325,0.0,9.0,2.0,1.0000000000000044,0.7831571533203372,3.5607913350756345e-14,0.1111111111111111,0.07410336282382424,0.0,0.0,1.0,0.009799795339011026,0.0,0.01971830985915493,0.0036039488819495694,,,,,,,,,,,,,,,,,,,,,,,,,,,,,,
2026-03-12T14:35:21+00:00,F55334 PAINT PACK.rpd,B-126 R1,Brackets,W:\LASER\For Battleshield Fabrication\F55334\PAINT PACK\B-126 R1.pdf,W:\LASER\For Battleshield Fabrication\F55334\PAINT PACK\B-126 R1.dxf,0.7484068477018759,0.0,8.0,4.0,1.8366868937760032,0.9923931351115842,0.35806547124674765,0.0,0.1438781781790394,0.0,0.0,1.0,0.015989139763649567,0.0,0.04777070063694268,0.007706905890628506,,,,,,,,,,,,,,,,,,,,,,,,,,,,,,
2026-03-12T14:35:21+00:00,F55334 PAINT PACK.rpd,B-12,Flat Parts,W:\LASER\For Battleshield Fabrication\F55334\PAINT PACK\B-12.pdf,W:\LASER\For Battleshield Fabrication\F55334\PAINT PACK\B-12.dxf,0.5417357365136385,0.0,16.0,8.0,1.5000000000000002,0.9958603173205077,0.3380561188471857,0.0,0.07514287140073889,0.0,0.0,1.0,0.006705123126691754,0.0,0.0,0.0,,,,,,,,,,,,,,,,,,,,,,,,,,,,,,
2026-03-12T14:35:21+00:00,F55334 PAINT PACK.rpd,B-127 R1,Flat Parts,W:\LASER\For Battleshield Fabrication\F55334\PAINT PACK\B-127 R1.pdf,W:\LASER\For Battleshield Fabrication\F55334\PAINT PACK\B-127 R1.dxf,2.0139074279253335,0.0,4.0,1.0,2.0292900480699556,0.45416027682003557,0.27576072778877764,0.0,0.02235676755959734,0.0,0.0,1.0,0.00825245923285139,0.0,0.0,0.0,,,,,,,,,,,,,,,,,,,,,,,,,,,,,,
2026-03-12T14:35:21+00:00,F55334 PAINT PACK.rpd,B-14,Brackets,W:\LASER\For Battleshield Fabrication\F55334\PAINT PACK\B-14.pdf,W:\LASER\For Battleshield Fabrication\F55334\PAINT PACK\B-14.dxf,0.4803295244490213,0.0,16.0,0.0,4.290691467372218,0.9791041690222606,2.024262391391531,1.0,0.0,0.0,7.0,1.0,0.04745164058889549,0.0,0.12349397590361445,0.0414239127567504,,,,,,,,,,,,,,,,,,,,,,,,,,,,,,
2026-03-12T14:35:21+00:00,F55334 PAINT PACK.rpd,B-15,Flat Parts,W:\LASER\For Battleshield Fabrication\F55334\PAINT PACK\B-15.pdf,W:\LASER\For Battleshield Fabrication\F55334\PAINT PACK\B-15.dxf,10.68955382193722,0.0,12.0,4.0,1.0,0.7831571533208463,2.4196409078548177e-14,0.08333333333333333,0.06488777524925365,0.0,0.0,1.0,0.009799795339011026,0.0,0.0,0.0,,,,,,,,,,,,,,,,,,,,,,,,,,,,,,
2026-03-12T14:35:21+00:00,F55334 PAINT PACK.rpd,B-186-R1,Wheel Wells,W:\LASER\For Battleshield Fabrication\F55334\PAINT PACK\B-186-R1.pdf,W:\LASER\For Battleshield Fabrication\F55334\PAINT PACK\B-186-R1.dxf,0.07077506328452089,0.0,12.0,2.0,3.0399035867775233,0.9999671063064095,1.542798989246674,0.0,0.37706982477822487,0.0,0.0,1.0,0.015473361061596356,0.0,0.054411764705882354,0.018904000098705662,,,,,,,,,,,,,,,,,,,,,,,,,,,,,,
