timestamp_utc,rpd_token,part_name,kit_label,pdf_path,dxf_path,dxf_perimeter_area_ratio,dxf_concavity_ratio,dxf_internal_void_area_ratio,dxf_entity_count,dxf_arc_length_ratio,dxf_exterior_notch_count,dxf_has_interior_polylines,dxf_color_count,pdf_dim_density,pdf_text_to_geom_ratio,pdf_bendline_score,pdf_ink_gradient_mean,dxf_future_01,dxf_future_02,dxf_future_03,dxf_future_04,dxf_future_05,dxf_future_06,dxf_future_07,dxf_future_08,dxf_future_09,dxf_future_10,dxf_future_11,dxf_future_12,dxf_future_13,dxf_future_14,dxf_future_15,pdf_future_01,pdf_future_02,pdf_future_03,pdf_future_04,pdf_future_05,pdf_future_06,pdf_future_07,pdf_future_08,pdf_future_09,pdf_future_10,pdf_future_11,pdf_future_12,pdf_future_13,pdf_future_14,pdf_future_15
2026-03-04T18:58:43+00:00,F54525 PAINT PACK.rpd,B-1,Brackets,W:\LASER\For Battleshield Fabrication\F54525\PAINT PACK\B-1.pdf,W:\LASER\For Battleshield Fabrication\F54525\PAINT PACK\B-1.dxf,,,,,,,,,,,,,,,,,,,,,,,,,,,,,,,,,,,,,,,,,,
2026-03-04T18:58:43+00:00,F54525 PAINT PACK.rpd,B-22,Flat Parts,W:\LASER\For Battleshield Fabrication\F54525\PAINT PACK\B-22.pdf,W:\LASER\For Battleshield Fabrication\F54525\PAINT PACK\B-22.dxf,,,,,,,,,,,,,,,,,,,,,,,,,,,,,,,,,,,,,,,,,,
2026-03-04T18:58:43+00:00,F54525 PAINT PACK.rpd,B-228,Brackets,W:\LASER\For Battleshield Fabrication\F54525\PAINT PACK\B-228.pdf,W:\LASER\For Battleshield Fabrication\F54525\PAINT PACK\B-228.dxf,,,,,,,,,,,,,,,,,,,,,,,,,,,,,,,,,,,,,,,,,,
2026-03-04T18:58:43+00:00,F54525 PAINT PACK.rpd,B-23,Brackets,W:\LASER\For Battleshield Fabrication\F54525\PAINT PACK\B-23.pdf,W:\LASER\For Battleshield Fabrication\F54525\PAINT PACK\B-23.dxf,,,,,,,,,,,,,,,,,,,,,,,,,,,,,,,,,,,,,,,,,,
2026-03-04T18:58:43+00:00,F54525 PAINT PACK.rpd,B-26,Brackets,W:\LASER\For Battleshield Fabrication\F54525\PAINT PACK\B-26.pdf,W:\LASER\For Battleshield Fabrication\F54525\PAINT PACK\B-26.dxf,,,,,,,,,,,,,,,,,,,,,,,,,,,,,,,,,,,,,,,,,,
2026-03-04T18:58:43+00:00,F54525 PAINT PACK.rpd,B-3 R1,Brackets,W:\LASER\For Battleshield Fabrication\F54525\PAINT PACK\B-3 R1.pdf,W:\LASER\For Battleshield Fabrication\F54525\PAINT PACK\B-3 R1.dxf,,,,,,,,,,,,,,,,,,,,,,,,,,,,,,,,,,,,,,,,,,
2026-03-04T18:58:43+00:00,F54525 PAINT PACK.rpd,B-32-R1,Brackets,W:\LASER\For Battleshield Fabrication\F54525\PAINT PACK\B-32-R1.pdf,W:\LASER\For Battleshield Fabrication\F54525\PAINT PACK\B-32-R1.dxf,,,,,,,,,,,,,,,,,,,,,,,,,,,,,,,,,,,,,,,,,,
2026-03-04T18:58:43+00:00,F54525 PAINT PACK.rpd,B-4 R1,Brackets,W:\LASER\For Battleshield Fabrication\F54525\PAINT PACK\B-4 R1.pdf,W:\LASER\For Battleshield Fabrication\F54525\PAINT PACK\B-4 R1.dxf,,,,,,,,,,,,,,,,,,,,,,,,,,,,,,,,,,,,,,,,,,
2026-03-04T18:58:44+00:00,F54525 PAINT PACK.rpd,B-42,Flat Parts,W:\LASER\For Battleshield Fabrication\F54525\PAINT PACK\B-42.pdf,W:\LASER\For Battleshield Fabrication\F54525\PAINT PACK\B-42.dxf,,,,,,,,,,,,,,,,,,,,,,,,,,,,,,,,,,,,,,,,,,
2026-03-04T18:58:44+00:00,F54525 PAINT PACK.rpd,B-43,Flat Parts,W:\LASER\For Battleshield Fabrication\F54525\PAINT PACK\B-43.pdf,W:\LASER\For Battleshield Fabrication\F54525\PAINT PACK\B-43.dxf,,,,,,,,,,,,,,,,,,,,,,,,,,,,,,,,,,,,,,,,,,
2026-03-04T18:58:44+00:00,F54525 PAINT PACK.rpd,B-57,Flat Parts,W:\LASER\For Battleshield Fabrication\F54525\PAINT PACK\B-57.pdf,W:\LASER\For Battleshield Fabrication\F54525\PAINT PACK\B-57.dxf,,,,,,,,,,,,,,,,,,,,,,,,,,,,,,,,,,,,,,,,,,
2026-03-04T18:58:44+00:00,F54525 PAINT PACK.rpd,EC-CP-00013,Flat Parts,W:\LASER\For Battleshield Fabrication\F54525\PAINT PACK\EC-CP-00013.pdf,W:\LASER\For Battleshield Fabrication\F54525\PAINT PACK\EC-CP-00013.dxf,,,,,,,,,,,,,,,,,,,,,,,,,,,,,,,,,,,,,,,,,,
2026-03-04T18:58:44+00:00,F54525 PAINT PACK.rpd,F54525-B-1,Backs,W:\LASER\For Battleshield Fabrication\F54525\PAINT PACK\F54525-B-1.pdf,W:\LASER\For Battleshield Fabrication\F54525\PAINT PACK\F54525-B-1.dxf,,,,,,,,,,,,,,,,,,,,,,,,,,,,,,,,,,,,,,,,,,
2026-03-04T18:58:44+00:00,F54525 PAINT PACK.rpd,F54525-B-10,Bottoms,W:\LASER\For Battleshield Fabrication\F54525\PAINT PACK\F54525-B-10.pdf,W:\LASER\For Battleshield Fabrication\F54525\PAINT PACK\F54525-B-10.dxf,,,,,,,,,,,,,,,,,,,,,,,,,,,,,,,,,,,,,,,,,,
2026-03-04T18:58:44+00:00,F54525 PAINT PACK.rpd,F54525-B-11,Sides,W:\LASER\For Battleshield Fabrication\F54525\PAINT PACK\F54525-B-11.pdf,W:\LASER\For Battleshield Fabrication\F54525\PAINT PACK\F54525-B-11.dxf,,,,,,,,,,,,,,,,,,,,,,,,,,,,,,,,,,,,,,,,,,
2026-03-04T18:58:44+00:00,F54525 PAINT PACK.rpd,F54525-B-111,Brackets,W:\LASER\For Battleshield Fabrication\F54525\PAINT PACK\F54525-B-111.pdf,W:\LASER\For Battleshield Fabrication\F54525\PAINT PACK\F54525-B-111.dxf,,,,,,,,,,,,,,,,,,,,,,,,,,,,,,,,,,,,,,,,,,
2026-03-04T18:58:44+00:00,F54525 PAINT PACK.rpd,F54525-B-113,Brackets,W:\LASER\For Battleshield Fabrication\F54525\PAINT PACK\F54525-B-113.pdf,W:\LASER\For Battleshield Fabrication\F54525\PAINT PACK\F54525-B-113.dxf,,,,,,,,,,,,,,,,,,,,,,,,,,,,,,,,,,,,,,,,,,
2026-03-04T18:58:44+00:00,F54525 PAINT PACK.rpd,F54525-B-112,Brackets,W:\LASER\For Battleshield Fabrication\F54525\PAINT PACK\F54525-B-112.pdf,W:\LASER\For Battleshield Fabrication\F54525\PAINT PACK\F54525-B-112.dxf,,,,,,,,,,,,,,,,,,,,,,,,,,,,,,,,,,,,,,,,,,
2026-03-04T18:58:45+00:00,F54525 PAINT PACK.rpd,F54525-B-114,Brackets,W:\LASER\For Battleshield Fabrication\F54525\PAINT PACK\F54525-B-114.pdf,W:\LASER\For Battleshield Fabrication\F54525\PAINT PACK\F54525-B-114.dxf,,,,,,,,,,,,,,,,,,,,,,,,,,,,,,,,,,,,,,,,,,
2026-03-04T18:58:45+00:00,F54525 PAINT PACK.rpd,F54525-B-115,Brackets,W:\LASER\For Battleshield Fabrication\F54525\PAINT PACK\F54525-B-115.pdf,W:\LASER\For Battleshield Fabrication\F54525\PAINT PACK\F54525-B-115.dxf,,,,,,,,,,,,,,,,,,,,,,,,,,,,,,,,,,,,,,,,,,
2026-03-04T18:58:45+00:00,F54525 PAINT PACK.rpd,F54525-B-12,Backs,W:\LASER\For Battleshield Fabrication\F54525\PAINT PACK\F54525-B-12.pdf,W:\LASER\For Battleshield Fabrication\F54525\PAINT PACK\F54525-B-12.dxf,,,,,,,,,,,,,,,,,,,,,,,,,,,,,,,,,,,,,,,,,,
2026-03-04T18:58:45+00:00,F54525 PAINT PACK.rpd,F54525-B-121,Brackets,W:\LASER\For Battleshield Fabrication\F54525\PAINT PACK\F54525-B-121.pdf,W:\LASER\For Battleshield Fabrication\F54525\PAINT PACK\F54525-B-121.dxf,,,,,,,,,,,,,,,,,,,,,,,,,,,,,,,,,,,,,,,,,,
2026-03-04T18:58:45+00:00,F54525 PAINT PACK.rpd,F54525-B-123,Brackets,W:\LASER\For Battleshield Fabrication\F54525\PAINT PACK\F54525-B-123.pdf,W:\LASER\For Battleshield Fabrication\F54525\PAINT PACK\F54525-B-123.dxf,,,,,,,,,,,,,,,,,,,,,,,,,,,,,,,,,,,,,,,,,,
2026-03-04T18:58:45+00:00,F54525 PAINT PACK.rpd,F54525-B-124,Brackets,W:\LASER\For Battleshield Fabrication\F54525\PAINT PACK\F54525-B-124.pdf,W:\LASER\For Battleshield Fabrication\F54525\PAINT PACK\F54525-B-124.dxf,,,,,,,,,,,,,,,,,,,,,,,,,,,,,,,,,,,,,,,,,,
2026-03-04T18:58:45+00:00,F54525 PAINT PACK.rpd,F54525-B-125,Brackets,W:\LASER\For Battleshield Fabrication\F54525\PAINT PACK\F54525-B-125.pdf,W:\LASER\For Battleshield Fabrication\F54525\PAINT PACK\F54525-B-125.dxf,,,,,,,,,,,,,,,,,,,,,,,,,,,,,,,,,,,,,,,,,,
2026-03-04T18:58:45+00:00,F54525 PAINT PACK.rpd,F54525-B-126,Brackets,W:\LASER\For Battleshield Fabrication\F54525\PAINT PACK\F54525-B-126.pdf,W:\LASER\For Battleshield Fabrication\F54525\PAINT PACK\F54525-B-126.dxf,,,,,,,,,,,,,,,,,,,,,,,,,,,,,,,,,,,,,,,,,,
2026-03-04T18:58:45+00:00,F54525 PAINT PACK.rpd,F54525-B-127,Brackets,W:\LASER\For Battleshield Fabrication\F54525\PAINT PACK\F54525-B-127.pdf,W:\LASER\For Battleshield Fabrication\F54525\PAINT PACK\F54525-B-127.dxf,,,,,,,,,,,,,,,,,,,,,,,,,,,,,,,,,,,,,,,,,,
2026-03-04T18:58:45+00:00,F54525 PAINT PACK.rpd,F54525-B-13,Bottoms,W:\LASER\For Battleshield Fabrication\F54525\PAINT PACK\F54525-B-13.pdf,W:\LASER\For Battleshield Fabrication\F54525\PAINT PACK\F54525-B-13.dxf,,,,,,,,,,,,,,,,,,,,,,,,,,,,,,,,,,,,,,,,,,
2026-03-04T18:58:45+00:00,F54525 PAINT PACK.rpd,F54525-B-14,Sides,W:\LASER\For Battleshield Fabrication\F54525\PAINT PACK\F54525-B-14.pdf,W:\LASER\For Battleshield Fabrication\F54525\PAINT PACK\F54525-B-14.dxf,,,,,,,,,,,,,,,,,,,,,,,,,,,,,,,,,,,,,,,,,,
2026-03-04T18:58:46+00:00,F54525 PAINT PACK.rpd,F54525-B-149,Brackets,W:\LASER\For Battleshield Fabrication\F54525\PAINT PACK\F54525-B-149.pdf,W:\LASER\For Battleshield Fabrication\F54525\PAINT PACK\F54525-B-149.dxf,,,,,,,,,,,,,,,,,,,,,,,,,,,,,,,,,,,,,,,,,,
2026-03-04T18:58:46+00:00,F54525 PAINT PACK.rpd,F54525-B-15,Backs,W:\LASER\For Battleshield Fabrication\F54525\PAINT PACK\F54525-B-15.pdf,W:\LASER\For Battleshield Fabrication\F54525\PAINT PACK\F54525-B-15.dxf,,,,,,,,,,,,,,,,,,,,,,,,,,,,,,,,,,,,,,,,,,
2026-03-04T18:58:46+00:00,F54525 PAINT PACK.rpd,F54525-B-151,Brackets,W:\LASER\For Battleshield Fabrication\F54525\PAINT PACK\F54525-B-151.pdf,W:\LASER\For Battleshield Fabrication\F54525\PAINT PACK\F54525-B-151.dxf,,,,,,,,,,,,,,,,,,,,,,,,,,,,,,,,,,,,,,,,,,
2026-03-04T18:58:46+00:00,F54525 PAINT PACK.rpd,F54525-B-150,Brackets,W:\LASER\For Battleshield Fabrication\F54525\PAINT PACK\F54525-B-150.pdf,W:\LASER\For Battleshield Fabrication\F54525\PAINT PACK\F54525-B-150.dxf,,,,,,,,,,,,,,,,,,,,,,,,,,,,,,,,,,,,,,,,,,
2026-03-04T18:58:46+00:00,F54525 PAINT PACK.rpd,F54525-B-152,Brackets,W:\LASER\For Battleshield Fabrication\F54525\PAINT PACK\F54525-B-152.pdf,W:\LASER\For Battleshield Fabrication\F54525\PAINT PACK\F54525-B-152.dxf,,,,,,,,,,,,,,,,,,,,,,,,,,,,,,,,,,,,,,,,,,
2026-03-04T18:58:46+00:00,F54525 PAINT PACK.rpd,F54525-B-153,Brackets,W:\LASER\For Battleshield Fabrication\F54525\PAINT PACK\F54525-B-153.pdf,W:\LASER\For Battleshield Fabrication\F54525\PAINT PACK\F54525-B-153.dxf,,,,,,,,,,,,,,,,,,,,,,,,,,,,,,,,,,,,,,,,,,
2026-03-04T18:58:46+00:00,F54525 PAINT PACK.rpd,F54525-B-154,Flat Parts,W:\LASER\For Battleshield Fabrication\F54525\PAINT PACK\F54525-B-154.pdf,W:\LASER\For Battleshield Fabrication\F54525\PAINT PACK\F54525-B-154.dxf,,,,,,,,,,,,,,,,,,,,,,,,,,,,,,,,,,,,,,,,,,
2026-03-04T18:58:46+00:00,F54525 PAINT PACK.rpd,F54525-B-155,Brackets,W:\LASER\For Battleshield Fabrication\F54525\PAINT PACK\F54525-B-155.pdf,W:\LASER\For Battleshield Fabrication\F54525\PAINT PACK\F54525-B-155.dxf,,,,,,,,,,,,,,,,,,,,,,,,,,,,,,,,,,,,,,,,,,
2026-03-04T18:58:46+00:00,F54525 PAINT PACK.rpd,F54525-B-156,Brackets,W:\LASER\For Battleshield Fabrication\F54525\PAINT PACK\F54525-B-156.pdf,W:\LASER\For Battleshield Fabrication\F54525\PAINT PACK\F54525-B-156.dxf,,,,,,,,,,,,,,,,,,,,,,,,,,,,,,,,,,,,,,,,,,
2026-03-04T18:58:46+00:00,F54525 PAINT PACK.rpd,F54525-B-157,Brackets,W:\LASER\For Battleshield Fabrication\F54525\PAINT PACK\F54525-B-157.pdf,W:\LASER\For Battleshield Fabrication\F54525\PAINT PACK\F54525-B-157.dxf,,,,,,,,,,,,,,,,,,,,,,,,,,,,,,,,,,,,,,,,,,
2026-03-04T18:58:46+00:00,F54525 PAINT PACK.rpd,F54525-B-158,Brackets,W:\LASER\For Battleshield Fabrication\F54525\PAINT PACK\F54525-B-158.pdf,W:\LASER\For Battleshield Fabrication\F54525\PAINT PACK\F54525-B-158.dxf,,,,,,,,,,,,,,,,,,,,,,,,,,,,,,,,,,,,,,,,,,
2026-03-04T18:58:47+00:00,F54525 PAINT PACK.rpd,F54525-B-159,Brackets,W:\LASER\For Battleshield Fabrication\F54525\PAINT PACK\F54525-B-159.pdf,W:\LASER\For Battleshield Fabrication\F54525\PAINT PACK\F54525-B-159.dxf,,,,,,,,,,,,,,,,,,,,,,,,,,,,,,,,,,,,,,,,,,
2026-03-04T18:58:47+00:00,F54525 PAINT PACK.rpd,F54525-B-16,Brackets,W:\LASER\For Battleshield Fabrication\F54525\PAINT PACK\F54525-B-16.pdf,W:\LASER\For Battleshield Fabrication\F54525\PAINT PACK\F54525-B-16.dxf,,,,,,,,,,,,,,,,,,,,,,,,,,,,,,,,,,,,,,,,,,
2026-03-04T18:58:47+00:00,F54525 PAINT PACK.rpd,F54525-B-160,Brackets,W:\LASER\For Battleshield Fabrication\F54525\PAINT PACK\F54525-B-160.pdf,W:\LASER\For Battleshield Fabrication\F54525\PAINT PACK\F54525-B-160.dxf,,,,,,,,,,,,,,,,,,,,,,,,,,,,,,,,,,,,,,,,,,
2026-03-04T18:58:47+00:00,F54525 PAINT PACK.rpd,F54525-B-162,Brackets,W:\LASER\For Battleshield Fabrication\F54525\PAINT PACK\F54525-B-162.pdf,W:\LASER\For Battleshield Fabrication\F54525\PAINT PACK\F54525-B-162.dxf,,,,,,,,,,,,,,,,,,,,,,,,,,,,,,,,,,,,,,,,,,
2026-03-04T18:58:47+00:00,F54525 PAINT PACK.rpd,F54525-B-163,Brackets,W:\LASER\For Battleshield Fabrication\F54525\PAINT PACK\F54525-B-163.pdf,W:\LASER\For Battleshield Fabrication\F54525\PAINT PACK\F54525-B-163.dxf,,,,,,,,,,,,,,,,,,,,,,,,,,,,,,,,,,,,,,,,,,
2026-03-04T18:58:47+00:00,F54525 PAINT PACK.rpd,F54525-B-164,Brackets,W:\LASER\For Battleshield Fabrication\F54525\PAINT PACK\F54525-B-164.pdf,W:\LASER\For Battleshield Fabrication\F54525\PAINT PACK\F54525-B-164.dxf,,,,,,,,,,,,,,,,,,,,,,,,,,,,,,,,,,,,,,,,,,
2026-03-04T18:58:47+00:00,F54525 PAINT PACK.rpd,F54525-B-165,Brackets,W:\LASER\For Battleshield Fabrication\F54525\PAINT PACK\F54525-B-165.pdf,W:\LASER\For Battleshield Fabrication\F54525\PAINT PACK\F54525-B-165.dxf,,,,,,,,,,,,,,,,,,,,,,,,,,,,,,,,,,,,,,,,,,
2026-03-04T18:58:47+00:00,F54525 PAINT PACK.rpd,F54525-B-166,Brackets,W:\LASER\For Battleshield Fabrication\F54525\PAINT PACK\F54525-B-166.pdf,W:\LASER\For Battleshield Fabrication\F54525\PAINT PACK\F54525-B-166.dxf,,,,,,,,,,,,,,,,,,,,,,,,,,,,,,,,,,,,,,,,,,
2026-03-04T18:58:47+00:00,F54525 PAINT PACK.rpd,F54525-B-168,Brackets,W:\LASER\For Battleshield Fabrication\F54525\PAINT PACK\F54525-B-168.pdf,W:\LASER\For Battleshield Fabrication\F54525\PAINT PACK\F54525-B-168.dxf,,,,,,,,,,,,,,,,,,,,,,,,,,,,,,,,,,,,,,,,,,
2026-03-04T18:58:47+00:00,F54525 PAINT PACK.rpd,F54525-B-167,Flat Parts,W:\LASER\For Battleshield Fabrication\F54525\PAINT PACK\F54525-B-167.pdf,W:\LASER\For Battleshield Fabrication\F54525\PAINT PACK\F54525-B-167.dxf,,,,,,,,,,,,,,,,,,,,,,,,,,,,,,,,,,,,,,,,,,
2026-03-04T18:58:47+00:00,F54525 PAINT PACK.rpd,F54525-B-169,Brackets,W:\LASER\For Battleshield Fabrication\F54525\PAINT PACK\F54525-B-169.pdf,W:\LASER\For Battleshield Fabrication\F54525\PAINT PACK\F54525-B-169.dxf,,,,,,,,,,,,,,,,,,,,,,,,,,,,,,,,,,,,,,,,,,
2026-03-04T18:58:48+00:00,F54525 PAINT PACK.rpd,F54525-B-17,Walls,W:\LASER\For Battleshield Fabrication\F54525\PAINT PACK\F54525-B-17.pdf,W:\LASER\For Battleshield Fabrication\F54525\PAINT PACK\F54525-B-17.dxf,,,,,,,,,,,,,,,,,,,,,,,,,,,,,,,,,,,,,,,,,,
2026-03-04T18:58:48+00:00,F54525 PAINT PACK.rpd,F54525-B-172,Brackets,W:\LASER\For Battleshield Fabrication\F54525\PAINT PACK\F54525-B-172.pdf,W:\LASER\For Battleshield Fabrication\F54525\PAINT PACK\F54525-B-172.dxf,,,,,,,,,,,,,,,,,,,,,,,,,,,,,,,,,,,,,,,,,,
2026-03-04T18:58:48+00:00,F54525 PAINT PACK.rpd,F54525-B-174,Brackets,W:\LASER\For Battleshield Fabrication\F54525\PAINT PACK\F54525-B-174.pdf,W:\LASER\For Battleshield Fabrication\F54525\PAINT PACK\F54525-B-174.dxf,,,,,,,,,,,,,,,,,,,,,,,,,,,,,,,,,,,,,,,,,,
2026-03-04T18:58:48+00:00,F54525 PAINT PACK.rpd,F54525-B-175,Brackets,W:\LASER\For Battleshield Fabrication\F54525\PAINT PACK\F54525-B-175.pdf,W:\LASER\For Battleshield Fabrication\F54525\PAINT PACK\F54525-B-175.dxf,,,,,,,,,,,,,,,,,,,,,,,,,,,,,,,,,,,,,,,,,,
2026-03-04T18:58:48+00:00,F54525 PAINT PACK.rpd,F54525-B-18,Walls,W:\LASER\For Battleshield Fabrication\F54525\PAINT PACK\F54525-B-18.pdf,W:\LASER\For Battleshield Fabrication\F54525\PAINT PACK\F54525-B-18.dxf,,,,,,,,,,,,,,,,,,,,,,,,,,,,,,,,,,,,,,,,,,
2026-03-04T18:58:48+00:00,F54525 PAINT PACK.rpd,F54525-B-19,Walls,W:\LASER\For Battleshield Fabrication\F54525\PAINT PACK\F54525-B-19.pdf,W:\LASER\For Battleshield Fabrication\F54525\PAINT PACK\F54525-B-19.dxf,,,,,,,,,,,,,,,,,,,,,,,,,,,,,,,,,,,,,,,,,,
2026-03-04T18:58:48+00:00,F54525 PAINT PACK.rpd,F54525-B-193,Backs,W:\LASER\For Battleshield Fabrication\F54525\PAINT PACK\F54525-B-193.pdf,W:\LASER\For Battleshield Fabrication\F54525\PAINT PACK\F54525-B-193.dxf,,,,,,,,,,,,,,,,,,,,,,,,,,,,,,,,,,,,,,,,,,
2026-03-04T18:58:48+00:00,F54525 PAINT PACK.rpd,F54525-B-194,Flat Parts,W:\LASER\For Battleshield Fabrication\F54525\PAINT PACK\F54525-B-194.pdf,W:\LASER\For Battleshield Fabrication\F54525\PAINT PACK\F54525-B-194.dxf,,,,,,,,,,,,,,,,,,,,,,,,,,,,,,,,,,,,,,,,,,
2026-03-04T18:58:48+00:00,F54525 PAINT PACK.rpd,F54525-B-195,Flat Parts,W:\LASER\For Battleshield Fabrication\F54525\PAINT PACK\F54525-B-195.pdf,W:\LASER\For Battleshield Fabrication\F54525\PAINT PACK\F54525-B-195.dxf,,,,,,,,,,,,,,,,,,,,,,,,,,,,,,,,,,,,,,,,,,
2026-03-04T18:58:48+00:00,F54525 PAINT PACK.rpd,F54525-B-196,Brackets,W:\LASER\For Battleshield Fabrication\F54525\PAINT PACK\F54525-B-196.pdf,W:\LASER\For Battleshield Fabrication\F54525\PAINT PACK\F54525-B-196.dxf,,,,,,,,,,,,,,,,,,,,,,,,,,,,,,,,,,,,,,,,,,
2026-03-04T18:58:48+00:00,F54525 PAINT PACK.rpd,F54525-B-198,Flat Parts,W:\LASER\For Battleshield Fabrication\F54525\PAINT PACK\F54525-B-198.pdf,W:\LASER\For Battleshield Fabrication\F54525\PAINT PACK\F54525-B-198.dxf,,,,,,,,,,,,,,,,,,,,,,,,,,,,,,,,,,,,,,,,,,
2026-03-04T18:58:48+00:00,F54525 PAINT PACK.rpd,F54525-B-197,Brackets,W:\LASER\For Battleshield Fabrication\F54525\PAINT PACK\F54525-B-197.pdf,W:\LASER\For Battleshield Fabrication\F54525\PAINT PACK\F54525-B-197.dxf,,,,,,,,,,,,,,,,,,,,,,,,,,,,,,,,,,,,,,,,,,
2026-03-04T18:58:49+00:00,F54525 PAINT PACK.rpd,F54525-B-199,Brackets,W:\LASER\For Battleshield Fabrication\F54525\PAINT PACK\F54525-B-199.pdf,W:\LASER\For Battleshield Fabrication\F54525\PAINT PACK\F54525-B-199.dxf,,,,,,,,,,,,,,,,,,,,,,,,,,,,,,,,,,,,,,,,,,
2026-03-04T18:58:49+00:00,F54525 PAINT PACK.rpd,F54525-B-2,Sides,W:\LASER\For Battleshield Fabrication\F54525\PAINT PACK\F54525-B-2.pdf,W:\LASER\For Battleshield Fabrication\F54525\PAINT PACK\F54525-B-2.dxf,,,,,,,,,,,,,,,,,,,,,,,,,,,,,,,,,,,,,,,,,,
2026-03-04T18:58:49+00:00,F54525 PAINT PACK.rpd,F54525-B-20,Walls,W:\LASER\For Battleshield Fabrication\F54525\PAINT PACK\F54525-B-20.pdf,W:\LASER\For Battleshield Fabrication\F54525\PAINT PACK\F54525-B-20.dxf,,,,,,,,,,,,,,,,,,,,,,,,,,,,,,,,,,,,,,,,,,
2026-03-04T18:58:49+00:00,F54525 PAINT PACK.rpd,F54525-B-200,Brackets,W:\LASER\For Battleshield Fabrication\F54525\PAINT PACK\F54525-B-200.pdf,W:\LASER\For Battleshield Fabrication\F54525\PAINT PACK\F54525-B-200.dxf,,,,,,,,,,,,,,,,,,,,,,,,,,,,,,,,,,,,,,,,,,
2026-03-04T18:58:49+00:00,F54525 PAINT PACK.rpd,F54525-B-201,Brackets,W:\LASER\For Battleshield Fabrication\F54525\PAINT PACK\F54525-B-201.pdf,W:\LASER\For Battleshield Fabrication\F54525\PAINT PACK\F54525-B-201.dxf,,,,,,,,,,,,,,,,,,,,,,,,,,,,,,,,,,,,,,,,,,
2026-03-04T18:58:49+00:00,F54525 PAINT PACK.rpd,F54525-B-202,Brackets,W:\LASER\For Battleshield Fabrication\F54525\PAINT PACK\F54525-B-202.pdf,W:\LASER\For Battleshield Fabrication\F54525\PAINT PACK\F54525-B-202.dxf,,,,,,,,,,,,,,,,,,,,,,,,,,,,,,,,,,,,,,,,,,
2026-03-04T18:58:49+00:00,F54525 PAINT PACK.rpd,F54525-B-204,Brackets,W:\LASER\For Battleshield Fabrication\F54525\PAINT PACK\F54525-B-204.pdf,W:\LASER\For Battleshield Fabrication\F54525\PAINT PACK\F54525-B-204.dxf,,,,,,,,,,,,,,,,,,,,,,,,,,,,,,,,,,,,,,,,,,
2026-03-04T18:58:49+00:00,F54525 PAINT PACK.rpd,F54525-B-21,Walls,W:\LASER\For Battleshield Fabrication\F54525\PAINT PACK\F54525-B-21.pdf,W:\LASER\For Battleshield Fabrication\F54525\PAINT PACK\F54525-B-21.dxf,,,,,,,,,,,,,,,,,,,,,,,,,,,,,,,,,,,,,,,,,,
2026-03-04T18:58:49+00:00,F54525 PAINT PACK.rpd,F54525-B-210,Brackets,W:\LASER\For Battleshield Fabrication\F54525\PAINT PACK\F54525-B-210.pdf,W:\LASER\For Battleshield Fabrication\F54525\PAINT PACK\F54525-B-210.dxf,,,,,,,,,,,,,,,,,,,,,,,,,,,,,,,,,,,,,,,,,,
2026-03-04T18:58:49+00:00,F54525 PAINT PACK.rpd,F54525-B-22,Walls,W:\LASER\For Battleshield Fabrication\F54525\PAINT PACK\F54525-B-22.pdf,W:\LASER\For Battleshield Fabrication\F54525\PAINT PACK\F54525-B-22.dxf,,,,,,,,,,,,,,,,,,,,,,,,,,,,,,,,,,,,,,,,,,
2026-03-04T18:58:50+00:00,F54525 PAINT PACK.rpd,F54525-B-23,Flat Parts,W:\LASER\For Battleshield Fabrication\F54525\PAINT PACK\F54525-B-23.pdf,W:\LASER\For Battleshield Fabrication\F54525\PAINT PACK\F54525-B-23.dxf,,,,,,,,,,,,,,,,,,,,,,,,,,,,,,,,,,,,,,,,,,
2026-03-04T18:58:50+00:00,F54525 PAINT PACK.rpd,F54525-B-24,Backs,W:\LASER\For Battleshield Fabrication\F54525\PAINT PACK\F54525-B-24.pdf,W:\LASER\For Battleshield Fabrication\F54525\PAINT PACK\F54525-B-24.dxf,,,,,,,,,,,,,,,,,,,,,,,,,,,,,,,,,,,,,,,,,,
2026-03-04T18:58:50+00:00,F54525 PAINT PACK.rpd,F54525-B-25,Bottoms,W:\LASER\For Battleshield Fabrication\F54525\PAINT PACK\F54525-B-25.pdf,W:\LASER\For Battleshield Fabrication\F54525\PAINT PACK\F54525-B-25.dxf,,,,,,,,,,,,,,,,,,,,,,,,,,,,,,,,,,,,,,,,,,
2026-03-04T18:58:50+00:00,F54525 PAINT PACK.rpd,F54525-B-26,Backs,W:\LASER\For Battleshield Fabrication\F54525\PAINT PACK\F54525-B-26.pdf,W:\LASER\For Battleshield Fabrication\F54525\PAINT PACK\F54525-B-26.dxf,,,,,,,,,,,,,,,,,,,,,,,,,,,,,,,,,,,,,,,,,,
2026-03-04T18:58:50+00:00,F54525 PAINT PACK.rpd,F54525-B-27,Tops,W:\LASER\For Battleshield Fabrication\F54525\PAINT PACK\F54525-B-27.pdf,W:\LASER\For Battleshield Fabrication\F54525\PAINT PACK\F54525-B-27.dxf,,,,,,,,,,,,,,,,,,,,,,,,,,,,,,,,,,,,,,,,,,
2026-03-04T18:58:50+00:00,F54525 PAINT PACK.rpd,F54525-B-28,Backs,W:\LASER\For Battleshield Fabrication\F54525\PAINT PACK\F54525-B-28.pdf,W:\LASER\For Battleshield Fabrication\F54525\PAINT PACK\F54525-B-28.dxf,,,,,,,,,,,,,,,,,,,,,,,,,,,,,,,,,,,,,,,,,,
2026-03-04T18:58:50+00:00,F54525 PAINT PACK.rpd,F54525-B-29,Brackets,W:\LASER\For Battleshield Fabrication\F54525\PAINT PACK\F54525-B-29.pdf,W:\LASER\For Battleshield Fabrication\F54525\PAINT PACK\F54525-B-29.dxf,,,,,,,,,,,,,,,,,,,,,,,,,,,,,,,,,,,,,,,,,,
2026-03-04T18:58:50+00:00,F54525 PAINT PACK.rpd,F54525-B-3,Sides,W:\LASER\For Battleshield Fabrication\F54525\PAINT PACK\F54525-B-3.pdf,W:\LASER\For Battleshield Fabrication\F54525\PAINT PACK\F54525-B-3.dxf,,,,,,,,,,,,,,,,,,,,,,,,,,,,,,,,,,,,,,,,,,
2026-03-04T18:58:50+00:00,F54525 PAINT PACK.rpd,F54525-B-30,Brackets,W:\LASER\For Battleshield Fabrication\F54525\PAINT PACK\F54525-B-30.pdf,W:\LASER\For Battleshield Fabrication\F54525\PAINT PACK\F54525-B-30.dxf,,,,,,,,,,,,,,,,,,,,,,,,,,,,,,,,,,,,,,,,,,
2026-03-04T18:58:50+00:00,F54525 PAINT PACK.rpd,F54525-B-31,Brackets,W:\LASER\For Battleshield Fabrication\F54525\PAINT PACK\F54525-B-31.pdf,W:\LASER\For Battleshield Fabrication\F54525\PAINT PACK\F54525-B-31.dxf,,,,,,,,,,,,,,,,,,,,,,,,,,,,,,,,,,,,,,,,,,
2026-03-04T18:58:51+00:00,F54525 PAINT PACK.rpd,F54525-B-32,Brackets,W:\LASER\For Battleshield Fabrication\F54525\PAINT PACK\F54525-B-32.pdf,W:\LASER\For Battleshield Fabrication\F54525\PAINT PACK\F54525-B-32.dxf,,,,,,,,,,,,,,,,,,,,,,,,,,,,,,,,,,,,,,,,,,
2026-03-04T18:58:51+00:00,F54525 PAINT PACK.rpd,F54525-B-33,Brackets,W:\LASER\For Battleshield Fabrication\F54525\PAINT PACK\F54525-B-33.pdf,W:\LASER\For Battleshield Fabrication\F54525\PAINT PACK\F54525-B-33.dxf,,,,,,,,,,,,,,,,,,,,,,,,,,,,,,,,,,,,,,,,,,
2026-03-04T18:58:51+00:00,F54525 PAINT PACK.rpd,F54525-B-34,Brackets,W:\LASER\For Battleshield Fabrication\F54525\PAINT PACK\F54525-B-34.pdf,W:\LASER\For Battleshield Fabrication\F54525\PAINT PACK\F54525-B-34.dxf,,,,,,,,,,,,,,,,,,,,,,,,,,,,,,,,,,,,,,,,,,
2026-03-04T18:58:51+00:00,F54525 PAINT PACK.rpd,F54525-B-35,Tops,W:\LASER\For Battleshield Fabrication\F54525\PAINT PACK\F54525-B-35.pdf,W:\LASER\For Battleshield Fabrication\F54525\PAINT PACK\F54525-B-35.dxf,,,,,,,,,,,,,,,,,,,,,,,,,,,,,,,,,,,,,,,,,,
2026-03-04T18:58:51+00:00,F54525 PAINT PACK.rpd,F54525-B-36,Brackets,W:\LASER\For Battleshield Fabrication\F54525\PAINT PACK\F54525-B-36.pdf,W:\LASER\For Battleshield Fabrication\F54525\PAINT PACK\F54525-B-36.dxf,,,,,,,,,,,,,,,,,,,,,,,,,,,,,,,,,,,,,,,,,,
2026-03-04T18:58:51+00:00,F54525 PAINT PACK.rpd,F54525-B-37,Bottoms,W:\LASER\For Battleshield Fabrication\F54525\PAINT PACK\F54525-B-37.pdf,W:\LASER\For Battleshield Fabrication\F54525\PAINT PACK\F54525-B-37.dxf,,,,,,,,,,,,,,,,,,,,,,,,,,,,,,,,,,,,,,,,,,
2026-03-04T18:58:51+00:00,F54525 PAINT PACK.rpd,F54525-B-38,Brackets,W:\LASER\For Battleshield Fabrication\F54525\PAINT PACK\F54525-B-38.pdf,W:\LASER\For Battleshield Fabrication\F54525\PAINT PACK\F54525-B-38.dxf,,,,,,,,,,,,,,,,,,,,,,,,,,,,,,,,,,,,,,,,,,
2026-03-04T18:58:51+00:00,F54525 PAINT PACK.rpd,F54525-B-39,Wheel Wells,W:\LASER\For Battleshield Fabrication\F54525\PAINT PACK\F54525-B-39.pdf,W:\LASER\For Battleshield Fabrication\F54525\PAINT PACK\F54525-B-39.dxf,,,,,,,,,,,,,,,,,,,,,,,,,,,,,,,,,,,,,,,,,,
2026-03-04T18:58:51+00:00,F54525 PAINT PACK.rpd,F54525-B-4,Bottoms,W:\LASER\For Battleshield Fabrication\F54525\PAINT PACK\F54525-B-4.pdf,W:\LASER\For Battleshield Fabrication\F54525\PAINT PACK\F54525-B-4.dxf,,,,,,,,,,,,,,,,,,,,,,,,,,,,,,,,,,,,,,,,,,
2026-03-04T18:58:51+00:00,F54525 PAINT PACK.rpd,F54525-B-40,Wheel Wells,W:\LASER\For Battleshield Fabrication\F54525\PAINT PACK\F54525-B-40.pdf,W:\LASER\For Battleshield Fabrication\F54525\PAINT PACK\F54525-B-40.dxf,,,,,,,,,,,,,,,,,,,,,,,,,,,,,,,,,,,,,,,,,,
2026-03-04T18:58:51+00:00,F54525 PAINT PACK.rpd,F54525-B-41,Brackets,W:\LASER\For Battleshield Fabrication\F54525\PAINT PACK\F54525-B-41.pdf,W:\LASER\For Battleshield Fabrication\F54525\PAINT PACK\F54525-B-41.dxf,,,,,,,,,,,,,,,,,,,,,,,,,,,,,,,,,,,,,,,,,,
2026-03-04T18:58:51+00:00,F54525 PAINT PACK.rpd,F54525-B-42,Sides,W:\LASER\For Battleshield Fabrication\F54525\PAINT PACK\F54525-B-42.pdf,W:\LASER\For Battleshield Fabrication\F54525\PAINT PACK\F54525-B-42.dxf,,,,,,,,,,,,,,,,,,,,,,,,,,,,,,,,,,,,,,,,,,
2026-03-04T18:58:52+00:00,F54525 PAINT PACK.rpd,F54525-B-43,Walls,W:\LASER\For Battleshield Fabrication\F54525\PAINT PACK\F54525-B-43.pdf,W:\LASER\For Battleshield Fabrication\F54525\PAINT PACK\F54525-B-43.dxf,,,,,,,,,,,,,,,,,,,,,,,,,,,,,,,,,,,,,,,,,,
2026-03-04T18:58:52+00:00,F54525 PAINT PACK.rpd,F54525-B-44,Bottoms,W:\LASER\For Battleshield Fabrication\F54525\PAINT PACK\F54525-B-44.pdf,W:\LASER\For Battleshield Fabrication\F54525\PAINT PACK\F54525-B-44.dxf,,,,,,,,,,,,,,,,,,,,,,,,,,,,,,,,,,,,,,,,,,
2026-03-04T18:58:52+00:00,F54525 PAINT PACK.rpd,F54525-B-45,Tops,W:\LASER\For Battleshield Fabrication\F54525\PAINT PACK\F54525-B-45.pdf,W:\LASER\For Battleshield Fabrication\F54525\PAINT PACK\F54525-B-45.dxf,,,,,,,,,,,,,,,,,,,,,,,,,,,,,,,,,,,,,,,,,,
2026-03-04T18:58:52+00:00,F54525 PAINT PACK.rpd,F54525-B-46,Tall Sides,W:\LASER\For Battleshield Fabrication\F54525\PAINT PACK\F54525-B-46.pdf,W:\LASER\For Battleshield Fabrication\F54525\PAINT PACK\F54525-B-46.dxf,,,,,,,,,,,,,,,,,,,,,,,,,,,,,,,,,,,,,,,,,,
2026-03-04T18:58:52+00:00,F54525 PAINT PACK.rpd,F54525-B-47,Tall Sides,W:\LASER\For Battleshield Fabrication\F54525\PAINT PACK\F54525-B-47.pdf,W:\LASER\For Battleshield Fabrication\F54525\PAINT PACK\F54525-B-47.dxf,,,,,,,,,,,,,,,,,,,,,,,,,,,,,,,,,,,,,,,,,,
2026-03-04T18:58:52+00:00,F54525 PAINT PACK.rpd,F54525-B-48,Wheel Wells,W:\LASER\For Battleshield Fabrication\F54525\PAINT PACK\F54525-B-48.pdf,W:\LASER\For Battleshield Fabrication\F54525\PAINT PACK\F54525-B-48.dxf,,,,,,,,,,,,,,,,,,,,,,,,,,,,,,,,,,,,,,,,,,
2026-03-04T18:58:52+00:00,F54525 PAINT PACK.rpd,F54525-B-49,Bottoms,W:\LASER\For Battleshield Fabrication\F54525\PAINT PACK\F54525-B-49.pdf,W:\LASER\For Battleshield Fabrication\F54525\PAINT PACK\F54525-B-49.dxf,,,,,,,,,,,,,,,,,,,,,,,,,,,,,,,,,,,,,,,,,,
2026-03-04T18:58:52+00:00,F54525 PAINT PACK.rpd,F54525-B-5,Tops,W:\LASER\For Battleshield Fabrication\F54525\PAINT PACK\F54525-B-5.pdf,W:\LASER\For Battleshield Fabrication\F54525\PAINT PACK\F54525-B-5.dxf,,,,,,,,,,,,,,,,,,,,,,,,,,,,,,,,,,,,,,,,,,
2026-03-04T18:58:52+00:00,F54525 PAINT PACK.rpd,F54525-B-50,Tall Sides,W:\LASER\For Battleshield Fabrication\F54525\PAINT PACK\F54525-B-50.pdf,W:\LASER\For Battleshield Fabrication\F54525\PAINT PACK\F54525-B-50.dxf,,,,,,,,,,,,,,,,,,,,,,,,,,,,,,,,,,,,,,,,,,
2026-03-04T18:58:52+00:00,F54525 PAINT PACK.rpd,F54525-B-51,Tall Sides,W:\LASER\For Battleshield Fabrication\F54525\PAINT PACK\F54525-B-51.pdf,W:\LASER\For Battleshield Fabrication\F54525\PAINT PACK\F54525-B-51.dxf,,,,,,,,,,,,,,,,,,,,,,,,,,,,,,,,,,,,,,,,,,
2026-03-04T18:58:53+00:00,F54525 PAINT PACK.rpd,F54525-B-52,Tops,W:\LASER\For Battleshield Fabrication\F54525\PAINT PACK\F54525-B-52.pdf,W:\LASER\For Battleshield Fabrication\F54525\PAINT PACK\F54525-B-52.dxf,,,,,,,,,,,,,,,,,,,,,,,,,,,,,,,,,,,,,,,,,,
2026-03-04T18:58:53+00:00,F54525 PAINT PACK.rpd,F54525-B-53,Brackets,W:\LASER\For Battleshield Fabrication\F54525\PAINT PACK\F54525-B-53.pdf,W:\LASER\For Battleshield Fabrication\F54525\PAINT PACK\F54525-B-53.dxf,,,,,,,,,,,,,,,,,,,,,,,,,,,,,,,,,,,,,,,,,,
2026-03-04T18:58:53+00:00,F54525 PAINT PACK.rpd,F54525-B-54,Walls,W:\LASER\For Battleshield Fabrication\F54525\PAINT PACK\F54525-B-54.pdf,W:\LASER\For Battleshield Fabrication\F54525\PAINT PACK\F54525-B-54.dxf,,,,,,,,,,,,,,,,,,,,,,,,,,,,,,,,,,,,,,,,,,
2026-03-04T18:58:53+00:00,F54525 PAINT PACK.rpd,F54525-B-55,Walls,W:\LASER\For Battleshield Fabrication\F54525\PAINT PACK\F54525-B-55.pdf,W:\LASER\For Battleshield Fabrication\F54525\PAINT PACK\F54525-B-55.dxf,,,,,,,,,,,,,,,,,,,,,,,,,,,,,,,,,,,,,,,,,,
2026-03-04T18:58:53+00:00,F54525 PAINT PACK.rpd,F54525-B-56,Walls,W:\LASER\For Battleshield Fabrication\F54525\PAINT PACK\F54525-B-56.pdf,W:\LASER\For Battleshield Fabrication\F54525\PAINT PACK\F54525-B-56.dxf,,,,,,,,,,,,,,,,,,,,,,,,,,,,,,,,,,,,,,,,,,
2026-03-04T18:58:53+00:00,F54525 PAINT PACK.rpd,F54525-B-57,Walls,W:\LASER\For Battleshield Fabrication\F54525\PAINT PACK\F54525-B-57.pdf,W:\LASER\For Battleshield Fabrication\F54525\PAINT PACK\F54525-B-57.dxf,,,,,,,,,,,,,,,,,,,,,,,,,,,,,,,,,,,,,,,,,,
2026-03-04T18:58:53+00:00,F54525 PAINT PACK.rpd,F54525-B-58,Bottoms,W:\LASER\For Battleshield Fabrication\F54525\PAINT PACK\F54525-B-58.pdf,W:\LASER\For Battleshield Fabrication\F54525\PAINT PACK\F54525-B-58.dxf,,,,,,,,,,,,,,,,,,,,,,,,,,,,,,,,,,,,,,,,,,
2026-03-04T18:58:53+00:00,F54525 PAINT PACK.rpd,F54525-B-59,Tall Sides,W:\LASER\For Battleshield Fabrication\F54525\PAINT PACK\F54525-B-59.pdf,W:\LASER\For Battleshield Fabrication\F54525\PAINT PACK\F54525-B-59.dxf,,,,,,,,,,,,,,,,,,,,,,,,,,,,,,,,,,,,,,,,,,
2026-03-04T18:58:53+00:00,F54525 PAINT PACK.rpd,F54525-B-6,Sides,W:\LASER\For Battleshield Fabrication\F54525\PAINT PACK\F54525-B-6.pdf,W:\LASER\For Battleshield Fabrication\F54525\PAINT PACK\F54525-B-6.dxf,,,,,,,,,,,,,,,,,,,,,,,,,,,,,,,,,,,,,,,,,,
2026-03-04T18:58:53+00:00,F54525 PAINT PACK.rpd,F54525-B-60,Tops,W:\LASER\For Battleshield Fabrication\F54525\PAINT PACK\F54525-B-60.pdf,W:\LASER\For Battleshield Fabrication\F54525\PAINT PACK\F54525-B-60.dxf,,,,,,,,,,,,,,,,,,,,,,,,,,,,,,,,,,,,,,,,,,
2026-03-04T18:58:54+00:00,F54525 PAINT PACK.rpd,F54525-B-61,Brackets,W:\LASER\For Battleshield Fabrication\F54525\PAINT PACK\F54525-B-61.pdf,W:\LASER\For Battleshield Fabrication\F54525\PAINT PACK\F54525-B-61.dxf,,,,,,,,,,,,,,,,,,,,,,,,,,,,,,,,,,,,,,,,,,
2026-03-04T18:58:54+00:00,F54525 PAINT PACK.rpd,F54525-B-62,Brackets,W:\LASER\For Battleshield Fabrication\F54525\PAINT PACK\F54525-B-62.pdf,W:\LASER\For Battleshield Fabrication\F54525\PAINT PACK\F54525-B-62.dxf,,,,,,,,,,,,,,,,,,,,,,,,,,,,,,,,,,,,,,,,,,
2026-03-04T18:58:54+00:00,F54525 PAINT PACK.rpd,F54525-B-63,Flat Parts,W:\LASER\For Battleshield Fabrication\F54525\PAINT PACK\F54525-B-63.pdf,W:\LASER\For Battleshield Fabrication\F54525\PAINT PACK\F54525-B-63.dxf,,,,,,,,,,,,,,,,,,,,,,,,,,,,,,,,,,,,,,,,,,
2026-03-04T18:58:54+00:00,F54525 PAINT PACK.rpd,F54525-B-64,Tall Sides,W:\LASER\For Battleshield Fabrication\F54525\PAINT PACK\F54525-B-64.pdf,W:\LASER\For Battleshield Fabrication\F54525\PAINT PACK\F54525-B-64.dxf,,,,,,,,,,,,,,,,,,,,,,,,,,,,,,,,,,,,,,,,,,
2026-03-04T18:58:54+00:00,F54525 PAINT PACK.rpd,F54525-B-65,Backs,W:\LASER\For Battleshield Fabrication\F54525\PAINT PACK\F54525-B-65.pdf,W:\LASER\For Battleshield Fabrication\F54525\PAINT PACK\F54525-B-65.dxf,,,,,,,,,,,,,,,,,,,,,,,,,,,,,,,,,,,,,,,,,,
2026-03-04T18:58:54+00:00,F54525 PAINT PACK.rpd,F54525-B-66,Brackets,W:\LASER\For Battleshield Fabrication\F54525\PAINT PACK\F54525-B-66.pdf,W:\LASER\For Battleshield Fabrication\F54525\PAINT PACK\F54525-B-66.dxf,,,,,,,,,,,,,,,,,,,,,,,,,,,,,,,,,,,,,,,,,,
2026-03-04T18:58:54+00:00,F54525 PAINT PACK.rpd,F54525-B-67,Bottoms,W:\LASER\For Battleshield Fabrication\F54525\PAINT PACK\F54525-B-67.pdf,W:\LASER\For Battleshield Fabrication\F54525\PAINT PACK\F54525-B-67.dxf,,,,,,,,,,,,,,,,,,,,,,,,,,,,,,,,,,,,,,,,,,
2026-03-04T18:58:54+00:00,F54525 PAINT PACK.rpd,F54525-B-68,Backs,W:\LASER\For Battleshield Fabrication\F54525\PAINT PACK\F54525-B-68.pdf,W:\LASER\For Battleshield Fabrication\F54525\PAINT PACK\F54525-B-68.dxf,,,,,,,,,,,,,,,,,,,,,,,,,,,,,,,,,,,,,,,,,,
2026-03-04T18:58:54+00:00,F54525 PAINT PACK.rpd,F54525-B-69,Tall Sides,W:\LASER\For Battleshield Fabrication\F54525\PAINT PACK\F54525-B-69.pdf,W:\LASER\For Battleshield Fabrication\F54525\PAINT PACK\F54525-B-69.dxf,,,,,,,,,,,,,,,,,,,,,,,,,,,,,,,,,,,,,,,,,,
2026-03-04T18:58:54+00:00,F54525 PAINT PACK.rpd,F54525-B-7,Sides,W:\LASER\For Battleshield Fabrication\F54525\PAINT PACK\F54525-B-7.pdf,W:\LASER\For Battleshield Fabrication\F54525\PAINT PACK\F54525-B-7.dxf,,,,,,,,,,,,,,,,,,,,,,,,,,,,,,,,,,,,,,,,,,
2026-03-04T18:58:54+00:00,F54525 PAINT PACK.rpd,F54525-B-70,Brackets,W:\LASER\For Battleshield Fabrication\F54525\PAINT PACK\F54525-B-70.pdf,W:\LASER\For Battleshield Fabrication\F54525\PAINT PACK\F54525-B-70.dxf,,,,,,,,,,,,,,,,,,,,,,,,,,,,,,,,,,,,,,,,,,
2026-03-04T18:58:55+00:00,F54525 PAINT PACK.rpd,F54525-B-71,Brackets,W:\LASER\For Battleshield Fabrication\F54525\PAINT PACK\F54525-B-71.pdf,W:\LASER\For Battleshield Fabrication\F54525\PAINT PACK\F54525-B-71.dxf,,,,,,,,,,,,,,,,,,,,,,,,,,,,,,,,,,,,,,,,,,
2026-03-04T18:58:55+00:00,F54525 PAINT PACK.rpd,F54525-B-72,Brackets,W:\LASER\For Battleshield Fabrication\F54525\PAINT PACK\F54525-B-72.pdf,W:\LASER\For Battleshield Fabrication\F54525\PAINT PACK\F54525-B-72.dxf,,,,,,,,,,,,,,,,,,,,,,,,,,,,,,,,,,,,,,,,,,
2026-03-04T18:58:55+00:00,F54525 PAINT PACK.rpd,F54525-B-73,Brackets,W:\LASER\For Battleshield Fabrication\F54525\PAINT PACK\F54525-B-73.pdf,W:\LASER\For Battleshield Fabrication\F54525\PAINT PACK\F54525-B-73.dxf,,,,,,,,,,,,,,,,,,,,,,,,,,,,,,,,,,,,,,,,,,
2026-03-04T18:58:55+00:00,F54525 PAINT PACK.rpd,F54525-B-74,Brackets,W:\LASER\For Battleshield Fabrication\F54525\PAINT PACK\F54525-B-74.pdf,W:\LASER\For Battleshield Fabrication\F54525\PAINT PACK\F54525-B-74.dxf,,,,,,,,,,,,,,,,,,,,,,,,,,,,,,,,,,,,,,,,,,
2026-03-04T18:58:55+00:00,F54525 PAINT PACK.rpd,F54525-B-75,Brackets,W:\LASER\For Battleshield Fabrication\F54525\PAINT PACK\F54525-B-75.pdf,W:\LASER\For Battleshield Fabrication\F54525\PAINT PACK\F54525-B-75.dxf,,,,,,,,,,,,,,,,,,,,,,,,,,,,,,,,,,,,,,,,,,
2026-03-04T18:58:55+00:00,F54525 PAINT PACK.rpd,F54525-B-76,Flat Parts,W:\LASER\For Battleshield Fabrication\F54525\PAINT PACK\F54525-B-76.pdf,W:\LASER\For Battleshield Fabrication\F54525\PAINT PACK\F54525-B-76.dxf,,,,,,,,,,,,,,,,,,,,,,,,,,,,,,,,,,,,,,,,,,
2026-03-04T18:58:55+00:00,F54525 PAINT PACK.rpd,F54525-B-77,Flat Parts,W:\LASER\For Battleshield Fabrication\F54525\PAINT PACK\F54525-B-77.pdf,W:\LASER\For Battleshield Fabrication\F54525\PAINT PACK\F54525-B-77.dxf,,,,,,,,,,,,,,,,,,,,,,,,,,,,,,,,,,,,,,,,,,
2026-03-04T18:58:55+00:00,F54525 PAINT PACK.rpd,F54525-B-78,Brackets,W:\LASER\For Battleshield Fabrication\F54525\PAINT PACK\F54525-B-78.pdf,W:\LASER\For Battleshield Fabrication\F54525\PAINT PACK\F54525-B-78.dxf,,,,,,,,,,,,,,,,,,,,,,,,,,,,,,,,,,,,,,,,,,
2026-03-04T18:58:55+00:00,F54525 PAINT PACK.rpd,F54525-B-79,Brackets,W:\LASER\For Battleshield Fabrication\F54525\PAINT PACK\F54525-B-79.pdf,W:\LASER\For Battleshield Fabrication\F54525\PAINT PACK\F54525-B-79.dxf,,,,,,,,,,,,,,,,,,,,,,,,,,,,,,,,,,,,,,,,,,
2026-03-04T18:58:55+00:00,F54525 PAINT PACK.rpd,F54525-B-8,Tops,W:\LASER\For Battleshield Fabrication\F54525\PAINT PACK\F54525-B-8.pdf,W:\LASER\For Battleshield Fabrication\F54525\PAINT PACK\F54525-B-8.dxf,,,,,,,,,,,,,,,,,,,,,,,,,,,,,,,,,,,,,,,,,,
2026-03-04T18:58:55+00:00,F54525 PAINT PACK.rpd,F54525-B-80,Brackets,W:\LASER\For Battleshield Fabrication\F54525\PAINT PACK\F54525-B-80.pdf,W:\LASER\For Battleshield Fabrication\F54525\PAINT PACK\F54525-B-80.dxf,,,,,,,,,,,,,,,,,,,,,,,,,,,,,,,,,,,,,,,,,,
2026-03-04T18:58:56+00:00,F54525 PAINT PACK.rpd,F54525-B-81,Brackets,W:\LASER\For Battleshield Fabrication\F54525\PAINT PACK\F54525-B-81.pdf,W:\LASER\For Battleshield Fabrication\F54525\PAINT PACK\F54525-B-81.dxf,,,,,,,,,,,,,,,,,,,,,,,,,,,,,,,,,,,,,,,,,,
2026-03-04T18:58:56+00:00,F54525 PAINT PACK.rpd,F54525-B-82,Flat Parts,W:\LASER\For Battleshield Fabrication\F54525\PAINT PACK\F54525-B-82.pdf,W:\LASER\For Battleshield Fabrication\F54525\PAINT PACK\F54525-B-82.dxf,,,,,,,,,,,,,,,,,,,,,,,,,,,,,,,,,,,,,,,,,,
2026-03-04T18:58:56+00:00,F54525 PAINT PACK.rpd,F54525-B-83,Flat Parts,W:\LASER\For Battleshield Fabrication\F54525\PAINT PACK\F54525-B-83.pdf,W:\LASER\For Battleshield Fabrication\F54525\PAINT PACK\F54525-B-83.dxf,,,,,,,,,,,,,,,,,,,,,,,,,,,,,,,,,,,,,,,,,,
2026-03-04T18:58:56+00:00,F54525 PAINT PACK.rpd,F54525-B-84,Walls,W:\LASER\For Battleshield Fabrication\F54525\PAINT PACK\F54525-B-84.pdf,W:\LASER\For Battleshield Fabrication\F54525\PAINT PACK\F54525-B-84.dxf,,,,,,,,,,,,,,,,,,,,,,,,,,,,,,,,,,,,,,,,,,
2026-03-04T18:58:56+00:00,F54525 PAINT PACK.rpd,F54525-B-85,Brackets,W:\LASER\For Battleshield Fabrication\F54525\PAINT PACK\F54525-B-85.pdf,W:\LASER\For Battleshield Fabrication\F54525\PAINT PACK\F54525-B-85.dxf,,,,,,,,,,,,,,,,,,,,,,,,,,,,,,,,,,,,,,,,,,
2026-03-04T18:58:56+00:00,F54525 PAINT PACK.rpd,F54525-B-86,Walls,W:\LASER\For Battleshield Fabrication\F54525\PAINT PACK\F54525-B-86.pdf,W:\LASER\For Battleshield Fabrication\F54525\PAINT PACK\F54525-B-86.dxf,,,,,,,,,,,,,,,,,,,,,,,,,,,,,,,,,,,,,,,,,,
2026-03-04T18:58:56+00:00,F54525 PAINT PACK.rpd,F54525-B-87,Flat Parts,W:\LASER\For Battleshield Fabrication\F54525\PAINT PACK\F54525-B-87.pdf,W:\LASER\For Battleshield Fabrication\F54525\PAINT PACK\F54525-B-87.dxf,,,,,,,,,,,,,,,,,,,,,,,,,,,,,,,,,,,,,,,,,,
2026-03-04T18:58:56+00:00,F54525 PAINT PACK.rpd,F54525-B-88,Flat Parts,W:\LASER\For Battleshield Fabrication\F54525\PAINT PACK\F54525-B-88.pdf,W:\LASER\For Battleshield Fabrication\F54525\PAINT PACK\F54525-B-88.dxf,,,,,,,,,,,,,,,,,,,,,,,,,,,,,,,,,,,,,,,,,,
2026-03-04T18:58:56+00:00,F54525 PAINT PACK.rpd,F54525-B-89,Brackets,W:\LASER\For Battleshield Fabrication\F54525\PAINT PACK\F54525-B-89.pdf,W:\LASER\For Battleshield Fabrication\F54525\PAINT PACK\F54525-B-89.dxf,,,,,,,,,,,,,,,,,,,,,,,,,,,,,,,,,,,,,,,,,,
2026-03-04T18:58:56+00:00,F54525 PAINT PACK.rpd,F54525-B-9,Bottoms,W:\LASER\For Battleshield Fabrication\F54525\PAINT PACK\F54525-B-9.pdf,W:\LASER\For Battleshield Fabrication\F54525\PAINT PACK\F54525-B-9.dxf,,,,,,,,,,,,,,,,,,,,,,,,,,,,,,,,,,,,,,,,,,
2026-03-04T18:58:57+00:00,F54525 PAINT PACK.rpd,F54525-B-90,Brackets,W:\LASER\For Battleshield Fabrication\F54525\PAINT PACK\F54525-B-90.pdf,W:\LASER\For Battleshield Fabrication\F54525\PAINT PACK\F54525-B-90.dxf,,,,,,,,,,,,,,,,,,,,,,,,,,,,,,,,,,,,,,,,,,
2026-03-04T18:58:57+00:00,F54525 PAINT PACK.rpd,F54525-B-91,Brackets,W:\LASER\For Battleshield Fabrication\F54525\PAINT PACK\F54525-B-91.pdf,W:\LASER\For Battleshield Fabrication\F54525\PAINT PACK\F54525-B-91.dxf,,,,,,,,,,,,,,,,,,,,,,,,,,,,,,,,,,,,,,,,,,
2026-03-04T18:58:57+00:00,F54525 PAINT PACK.rpd,F54525-B-92,Brackets,W:\LASER\For Battleshield Fabrication\F54525\PAINT PACK\F54525-B-92.pdf,W:\LASER\For Battleshield Fabrication\F54525\PAINT PACK\F54525-B-92.dxf,,,,,,,,,,,,,,,,,,,,,,,,,,,,,,,,,,,,,,,,,,
2026-03-04T18:58:57+00:00,F54525 PAINT PACK.rpd,F54525-B-93,Brackets,W:\LASER\For Battleshield Fabrication\F54525\PAINT PACK\F54525-B-93.pdf,W:\LASER\For Battleshield Fabrication\F54525\PAINT PACK\F54525-B-93.dxf,,,,,,,,,,,,,,,,,,,,,,,,,,,,,,,,,,,,,,,,,,
2026-03-04T18:58:57+00:00,F54525 PAINT PACK.rpd,F54525-B-94,Brackets,W:\LASER\For Battleshield Fabrication\F54525\PAINT PACK\F54525-B-94.pdf,W:\LASER\For Battleshield Fabrication\F54525\PAINT PACK\F54525-B-94.dxf,,,,,,,,,,,,,,,,,,,,,,,,,,,,,,,,,,,,,,,,,,
2026-03-04T19:04:35+00:00,F55334 PAINT PACK.rpd,B-10,Flat Parts,W:\LASER\For Battleshield Fabrication\F55334\PAINT PACK\B-10.pdf,W:\LASER\For Battleshield Fabrication\F55334\PAINT PACK\B-10.dxf,,,,,,,,,,,,,,,,,,,,,,,,,,,,,,,,,,,,,,,,,,
2026-03-04T19:04:35+00:00,F55334 PAINT PACK.rpd,B-100-R1,Brackets,W:\LASER\For Battleshield Fabrication\F55334\PAINT PACK\B-100-R1.pdf,W:\LASER\For Battleshield Fabrication\F55334\PAINT PACK\B-100-R1.dxf,,,,,,,,,,,,,,,,,,,,,,,,,,,,,,,,,,,,,,,,,,
2026-03-04T19:04:35+00:00,F55334 PAINT PACK.rpd,B-104,Brackets,W:\LASER\For Battleshield Fabrication\F55334\PAINT PACK\B-104.pdf,W:\LASER\For Battleshield Fabrication\F55334\PAINT PACK\B-104.dxf,,,,,,,,,,,,,,,,,,,,,,,,,,,,,,,,,,,,,,,,,,
2026-03-04T19:04:35+00:00,F55334 PAINT PACK.rpd,B-110,Brackets,W:\LASER\For Battleshield Fabrication\F55334\PAINT PACK\B-110.pdf,W:\LASER\For Battleshield Fabrication\F55334\PAINT PACK\B-110.dxf,,,,,,,,,,,,,,,,,,,,,,,,,,,,,,,,,,,,,,,,,,
2026-03-04T19:04:36+00:00,F55334 PAINT PACK.rpd,B-12,Flat Parts,W:\LASER\For Battleshield Fabrication\F55334\PAINT PACK\B-12.pdf,W:\LASER\For Battleshield Fabrication\F55334\PAINT PACK\B-12.dxf,,,,,,,,,,,,,,,,,,,,,,,,,,,,,,,,,,,,,,,,,,
2026-03-04T19:04:36+00:00,F55334 PAINT PACK.rpd,B-126 R1,Brackets,W:\LASER\For Battleshield Fabrication\F55334\PAINT PACK\B-126 R1.pdf,W:\LASER\For Battleshield Fabrication\F55334\PAINT PACK\B-126 R1.dxf,,,,,,,,,,,,,,,,,,,,,,,,,,,,,,,,,,,,,,,,,,
2026-03-04T19:04:36+00:00,F55334 PAINT PACK.rpd,B-127 R1,Flat Parts,W:\LASER\For Battleshield Fabrication\F55334\PAINT PACK\B-127 R1.pdf,W:\LASER\For Battleshield Fabrication\F55334\PAINT PACK\B-127 R1.dxf,,,,,,,,,,,,,,,,,,,,,,,,,,,,,,,,,,,,,,,,,,
2026-03-04T19:04:36+00:00,F55334 PAINT PACK.rpd,B-14,Brackets,W:\LASER\For Battleshield Fabrication\F55334\PAINT PACK\B-14.pdf,W:\LASER\For Battleshield Fabrication\F55334\PAINT PACK\B-14.dxf,,,,,,,,,,,,,,,,,,,,,,,,,,,,,,,,,,,,,,,,,,
2026-03-04T19:04:36+00:00,F55334 PAINT PACK.rpd,B-186-R1,Wheel Wells,W:\LASER\For Battleshield Fabrication\F55334\PAINT PACK\B-186-R1.pdf,W:\LASER\For Battleshield Fabrication\F55334\PAINT PACK\B-186-R1.dxf,,,,,,,,,,,,,,,,,,,,,,,,,,,,,,,,,,,,,,,,,,
2026-03-04T19:04:36+00:00,F55334 PAINT PACK.rpd,B-15,Flat Parts,W:\LASER\For Battleshield Fabrication\F55334\PAINT PACK\B-15.pdf,W:\LASER\For Battleshield Fabrication\F55334\PAINT PACK\B-15.dxf,,,,,,,,,,,,,,,,,,,,,,,,,,,,,,,,,,,,,,,,,,
2026-03-04T19:04:36+00:00,F55334 PAINT PACK.rpd,B-206,Wheel Wells,W:\LASER\For Battleshield Fabrication\F55334\PAINT PACK\B-206.pdf,W:\LASER\For Battleshield Fabrication\F55334\PAINT PACK\B-206.dxf,,,,,,,,,,,,,,,,,,,,,,,,,,,,,,,,,,,,,,,,,,
2026-03-04T19:04:36+00:00,F55334 PAINT PACK.rpd,B-189,Walls,W:\LASER\For Battleshield Fabrication\F55334\PAINT PACK\B-189.pdf,W:\LASER\For Battleshield Fabrication\F55334\PAINT PACK\B-189.dxf,,,,,,,,,,,,,,,,,,,,,,,,,,,,,,,,,,,,,,,,,,
2026-03-04T19:04:36+00:00,F55334 PAINT PACK.rpd,B-208,Wheel Wells,W:\LASER\For Battleshield Fabrication\F55334\PAINT PACK\B-208.pdf,W:\LASER\For Battleshield Fabrication\F55334\PAINT PACK\B-208.dxf,,,,,,,,,,,,,,,,,,,,,,,,,,,,,,,,,,,,,,,,,,
2026-03-04T19:04:36+00:00,F55334 PAINT PACK.rpd,B-218,Brackets,W:\LASER\For Battleshield Fabrication\F55334\PAINT PACK\B-218.pdf,W:\LASER\For Battleshield Fabrication\F55334\PAINT PACK\B-218.dxf,,,,,,,,,,,,,,,,,,,,,,,,,,,,,,,,,,,,,,,,,,
2026-03-04T19:04:37+00:00,F55334 PAINT PACK.rpd,B-227,Brackets,W:\LASER\For Battleshield Fabrication\F55334\PAINT PACK\B-227.pdf,W:\LASER\For Battleshield Fabrication\F55334\PAINT PACK\B-227.dxf,,,,,,,,,,,,,,,,,,,,,,,,,,,,,,,,,,,,,,,,,,
2026-03-04T19:04:37+00:00,F55334 PAINT PACK.rpd,B-31,Brackets,W:\LASER\For Battleshield Fabrication\F55334\PAINT PACK\B-31.pdf,W:\LASER\For Battleshield Fabrication\F55334\PAINT PACK\B-31.dxf,,,,,,,,,,,,,,,,,,,,,,,,,,,,,,,,,,,,,,,,,,
2026-03-04T19:04:37+00:00,F55334 PAINT PACK.rpd,B-33,Flat Parts,W:\LASER\For Battleshield Fabrication\F55334\PAINT PACK\B-33.pdf,W:\LASER\For Battleshield Fabrication\F55334\PAINT PACK\B-33.dxf,,,,,,,,,,,,,,,,,,,,,,,,,,,,,,,,,,,,,,,,,,
2026-03-04T19:04:37+00:00,F55334 PAINT PACK.rpd,B-34,Flat Parts,W:\LASER\For Battleshield Fabrication\F55334\PAINT PACK\B-34.pdf,W:\LASER\For Battleshield Fabrication\F55334\PAINT PACK\B-34.dxf,,,,,,,,,,,,,,,,,,,,,,,,,,,,,,,,,,,,,,,,,,
2026-03-04T19:04:37+00:00,F55334 PAINT PACK.rpd,B-35-R1,Flat Parts,W:\LASER\For Battleshield Fabrication\F55334\PAINT PACK\B-35-R1.pdf,W:\LASER\For Battleshield Fabrication\F55334\PAINT PACK\B-35-R1.dxf,,,,,,,,,,,,,,,,,,,,,,,,,,,,,,,,,,,,,,,,,,
2026-03-04T19:04:37+00:00,F55334 PAINT PACK.rpd,B-36-R1,Flat Parts,W:\LASER\For Battleshield Fabrication\F55334\PAINT PACK\B-36-R1.pdf,W:\LASER\For Battleshield Fabrication\F55334\PAINT PACK\B-36-R1.dxf,,,,,,,,,,,,,,,,,,,,,,,,,,,,,,,,,,,,,,,,,,
2026-03-04T19:04:37+00:00,F55334 PAINT PACK.rpd,B-39 R1,Brackets,W:\LASER\For Battleshield Fabrication\F55334\PAINT PACK\B-39 R1.pdf,W:\LASER\For Battleshield Fabrication\F55334\PAINT PACK\B-39 R1.dxf,,,,,,,,,,,,,,,,,,,,,,,,,,,,,,,,,,,,,,,,,,
2026-03-04T19:04:37+00:00,F55334 PAINT PACK.rpd,B-44 R1,Brackets,W:\LASER\For Battleshield Fabrication\F55334\PAINT PACK\B-44 R1.pdf,W:\LASER\For Battleshield Fabrication\F55334\PAINT PACK\B-44 R1.dxf,,,,,,,,,,,,,,,,,,,,,,,,,,,,,,,,,,,,,,,,,,
2026-03-04T19:04:37+00:00,F55334 PAINT PACK.rpd,B-45 R1,Brackets,W:\LASER\For Battleshield Fabrication\F55334\PAINT PACK\B-45 R1.pdf,W:\LASER\For Battleshield Fabrication\F55334\PAINT PACK\B-45 R1.dxf,,,,,,,,,,,,,,,,,,,,,,,,,,,,,,,,,,,,,,,,,,
2026-03-04T19:04:37+00:00,F55334 PAINT PACK.rpd,B-47 R2,Flat Parts,W:\LASER\For Battleshield Fabrication\F55334\PAINT PACK\B-47 R2.pdf,W:\LASER\For Battleshield Fabrication\F55334\PAINT PACK\B-47 R2.dxf,,,,,,,,,,,,,,,,,,,,,,,,,,,,,,,,,,,,,,,,,,
2026-03-04T19:04:37+00:00,F55334 PAINT PACK.rpd,B-48 R2,Flat Parts,W:\LASER\For Battleshield Fabrication\F55334\PAINT PACK\B-48 R2.pdf,W:\LASER\For Battleshield Fabrication\F55334\PAINT PACK\B-48 R2.dxf,,,,,,,,,,,,,,,,,,,,,,,,,,,,,,,,,,,,,,,,,,
2026-03-04T19:04:38+00:00,F55334 PAINT PACK.rpd,B-50,Brackets,W:\LASER\For Battleshield Fabrication\F55334\PAINT PACK\B-50.pdf,W:\LASER\For Battleshield Fabrication\F55334\PAINT PACK\B-50.dxf,,,,,,,,,,,,,,,,,,,,,,,,,,,,,,,,,,,,,,,,,,
2026-03-04T19:04:38+00:00,F55334 PAINT PACK.rpd,B-51,Brackets,W:\LASER\For Battleshield Fabrication\F55334\PAINT PACK\B-51.pdf,W:\LASER\For Battleshield Fabrication\F55334\PAINT PACK\B-51.dxf,,,,,,,,,,,,,,,,,,,,,,,,,,,,,,,,,,,,,,,,,,
2026-03-04T19:04:38+00:00,F55334 PAINT PACK.rpd,B-54 R1,Tops,W:\LASER\For Battleshield Fabrication\F55334\PAINT PACK\B-54 R1.pdf,W:\LASER\For Battleshield Fabrication\F55334\PAINT PACK\B-54 R1.dxf,,,,,,,,,,,,,,,,,,,,,,,,,,,,,,,,,,,,,,,,,,
2026-03-04T19:04:38+00:00,F55334 PAINT PACK.rpd,B-55 R3,Walls,W:\LASER\For Battleshield Fabrication\F55334\PAINT PACK\B-55 R3.pdf,W:\LASER\For Battleshield Fabrication\F55334\PAINT PACK\B-55 R3.dxf,,,,,,,,,,,,,,,,,,,,,,,,,,,,,,,,,,,,,,,,,,
2026-03-04T19:04:38+00:00,F55334 PAINT PACK.rpd,B-55 R4,Walls,W:\LASER\For Battleshield Fabrication\F55334\PAINT PACK\B-55 R4.pdf,W:\LASER\For Battleshield Fabrication\F55334\PAINT PACK\B-55 R4.dxf,,,,,,,,,,,,,,,,,,,,,,,,,,,,,,,,,,,,,,,,,,
2026-03-04T19:04:38+00:00,F55334 PAINT PACK.rpd,B-56 R1,Walls,W:\LASER\For Battleshield Fabrication\F55334\PAINT PACK\B-56 R1.pdf,W:\LASER\For Battleshield Fabrication\F55334\PAINT PACK\B-56 R1.dxf,,,,,,,,,,,,,,,,,,,,,,,,,,,,,,,,,,,,,,,,,,
2026-03-04T19:04:38+00:00,F55334 PAINT PACK.rpd,B-8,Flat Parts,W:\LASER\For Battleshield Fabrication\F55334\PAINT PACK\B-8.pdf,W:\LASER\For Battleshield Fabrication\F55334\PAINT PACK\B-8.dxf,,,,,,,,,,,,,,,,,,,,,,,,,,,,,,,,,,,,,,,,,,
2026-03-04T19:04:38+00:00,F55334 PAINT PACK.rpd,B-9,Flat Parts,W:\LASER\For Battleshield Fabrication\F55334\PAINT PACK\B-9.pdf,W:\LASER\For Battleshield Fabrication\F55334\PAINT PACK\B-9.dxf,,,,,,,,,,,,,,,,,,,,,,,,,,,,,,,,,,,,,,,,,,
2026-03-04T19:04:38+00:00,F55334 PAINT PACK.rpd,B-99-R1,Brackets,W:\LASER\For Battleshield Fabrication\F55334\PAINT PACK\B-99-R1.pdf,W:\LASER\For Battleshield Fabrication\F55334\PAINT PACK\B-99-R1.dxf,,,,,,,,,,,,,,,,,,,,,,,,,,,,,,,,,,,,,,,,,,
2026-03-04T19:04:38+00:00,F55334 PAINT PACK.rpd,D-542,Brackets,W:\LASER\For Battleshield Fabrication\F55334\PAINT PACK\D-542.pdf,W:\LASER\For Battleshield Fabrication\F55334\PAINT PACK\D-542.dxf,,,,,,,,,,,,,,,,,,,,,,,,,,,,,,,,,,,,,,,,,,
2026-03-04T19:04:38+00:00,F55334 PAINT PACK.rpd,F55334-B-01,Bottoms,W:\LASER\For Battleshield Fabrication\F55334\PAINT PACK\F55334-B-01.pdf,W:\LASER\For Battleshield Fabrication\F55334\PAINT PACK\F55334-B-01.dxf,,,,,,,,,,,,,,,,,,,,,,,,,,,,,,,,,,,,,,,,,,
2026-03-04T19:04:39+00:00,F55334 PAINT PACK.rpd,F55334-B-02,Backs,W:\LASER\For Battleshield Fabrication\F55334\PAINT PACK\F55334-B-02.pdf,W:\LASER\For Battleshield Fabrication\F55334\PAINT PACK\F55334-B-02.dxf,,,,,,,,,,,,,,,,,,,,,,,,,,,,,,,,,,,,,,,,,,
2026-03-04T19:04:39+00:00,F55334 PAINT PACK.rpd,F55334-B-03,Sides,W:\LASER\For Battleshield Fabrication\F55334\PAINT PACK\F55334-B-03.pdf,W:\LASER\For Battleshield Fabrication\F55334\PAINT PACK\F55334-B-03.dxf,,,,,,,,,,,,,,,,,,,,,,,,,,,,,,,,,,,,,,,,,,
2026-03-04T19:04:39+00:00,F55334 PAINT PACK.rpd,F55334-B-04,Tops,W:\LASER\For Battleshield Fabrication\F55334\PAINT PACK\F55334-B-04.pdf,W:\LASER\For Battleshield Fabrication\F55334\PAINT PACK\F55334-B-04.dxf,,,,,,,,,,,,,,,,,,,,,,,,,,,,,,,,,,,,,,,,,,
2026-03-04T19:04:39+00:00,F55334 PAINT PACK.rpd,F55334-B-05,Bottoms,W:\LASER\For Battleshield Fabrication\F55334\PAINT PACK\F55334-B-05.pdf,W:\LASER\For Battleshield Fabrication\F55334\PAINT PACK\F55334-B-05.dxf,,,,,,,,,,,,,,,,,,,,,,,,,,,,,,,,,,,,,,,,,,
2026-03-04T19:04:39+00:00,F55334 PAINT PACK.rpd,F55334-B-06,Tops,W:\LASER\For Battleshield Fabrication\F55334\PAINT PACK\F55334-B-06.pdf,W:\LASER\For Battleshield Fabrication\F55334\PAINT PACK\F55334-B-06.dxf,,,,,,,,,,,,,,,,,,,,,,,,,,,,,,,,,,,,,,,,,,
2026-03-04T19:04:39+00:00,F55334 PAINT PACK.rpd,F55334-B-07,Backs,W:\LASER\For Battleshield Fabrication\F55334\PAINT PACK\F55334-B-07.pdf,W:\LASER\For Battleshield Fabrication\F55334\PAINT PACK\F55334-B-07.dxf,,,,,,,,,,,,,,,,,,,,,,,,,,,,,,,,,,,,,,,,,,
2026-03-04T19:04:39+00:00,F55334 PAINT PACK.rpd,F55334-B-08,Sides,W:\LASER\For Battleshield Fabrication\F55334\PAINT PACK\F55334-B-08.pdf,W:\LASER\For Battleshield Fabrication\F55334\PAINT PACK\F55334-B-08.dxf,,,,,,,,,,,,,,,,,,,,,,,,,,,,,,,,,,,,,,,,,,
2026-03-04T19:04:39+00:00,F55334 PAINT PACK.rpd,F55334-B-09,Walls,W:\LASER\For Battleshield Fabrication\F55334\PAINT PACK\F55334-B-09.pdf,W:\LASER\For Battleshield Fabrication\F55334\PAINT PACK\F55334-B-09.dxf,,,,,,,,,,,,,,,,,,,,,,,,,,,,,,,,,,,,,,,,,,
2026-03-04T19:04:39+00:00,F55334 PAINT PACK.rpd,F55334-B-10,Bottoms,W:\LASER\For Battleshield Fabrication\F55334\PAINT PACK\F55334-B-10.pdf,W:\LASER\For Battleshield Fabrication\F55334\PAINT PACK\F55334-B-10.dxf,,,,,,,,,,,,,,,,,,,,,,,,,,,,,,,,,,,,,,,,,,
2026-03-04T19:04:40+00:00,F55334 PAINT PACK.rpd,F55334-B-11,Sides,W:\LASER\For Battleshield Fabrication\F55334\PAINT PACK\F55334-B-11.pdf,W:\LASER\For Battleshield Fabrication\F55334\PAINT PACK\F55334-B-11.dxf,,,,,,,,,,,,,,,,,,,,,,,,,,,,,,,,,,,,,,,,,,
2026-03-04T19:04:40+00:00,F55334 PAINT PACK.rpd,F55334-B-12,Backs,W:\LASER\For Battleshield Fabrication\F55334\PAINT PACK\F55334-B-12.pdf,W:\LASER\For Battleshield Fabrication\F55334\PAINT PACK\F55334-B-12.dxf,,,,,,,,,,,,,,,,,,,,,,,,,,,,,,,,,,,,,,,,,,
2026-03-04T19:04:40+00:00,F55334 PAINT PACK.rpd,F55334-B-13,Tops,W:\LASER\For Battleshield Fabrication\F55334\PAINT PACK\F55334-B-13.pdf,W:\LASER\For Battleshield Fabrication\F55334\PAINT PACK\F55334-B-13.dxf,,,,,,,,,,,,,,,,,,,,,,,,,,,,,,,,,,,,,,,,,,
2026-03-04T19:04:40+00:00,F55334 PAINT PACK.rpd,F55334-B-14,Bottoms,W:\LASER\For Battleshield Fabrication\F55334\PAINT PACK\F55334-B-14.pdf,W:\LASER\For Battleshield Fabrication\F55334\PAINT PACK\F55334-B-14.dxf,,,,,,,,,,,,,,,,,,,,,,,,,,,,,,,,,,,,,,,,,,
2026-03-04T19:04:40+00:00,F55334 PAINT PACK.rpd,F55334-B-15,Tops,W:\LASER\For Battleshield Fabrication\F55334\PAINT PACK\F55334-B-15.pdf,W:\LASER\For Battleshield Fabrication\F55334\PAINT PACK\F55334-B-15.dxf,,,,,,,,,,,,,,,,,,,,,,,,,,,,,,,,,,,,,,,,,,
2026-03-04T19:04:40+00:00,F55334 PAINT PACK.rpd,F55334-B-16,Backs,W:\LASER\For Battleshield Fabrication\F55334\PAINT PACK\F55334-B-16.pdf,W:\LASER\For Battleshield Fabrication\F55334\PAINT PACK\F55334-B-16.dxf,,,,,,,,,,,,,,,,,,,,,,,,,,,,,,,,,,,,,,,,,,
2026-03-04T19:04:40+00:00,F55334 PAINT PACK.rpd,F55334-B-17,Sides,W:\LASER\For Battleshield Fabrication\F55334\PAINT PACK\F55334-B-17.pdf,W:\LASER\For Battleshield Fabrication\F55334\PAINT PACK\F55334-B-17.dxf,,,,,,,,,,,,,,,,,,,,,,,,,,,,,,,,,,,,,,,,,,
2026-03-04T19:04:40+00:00,F55334 PAINT PACK.rpd,F55334-B-19,Walls,W:\LASER\For Battleshield Fabrication\F55334\PAINT PACK\F55334-B-19.pdf,W:\LASER\For Battleshield Fabrication\F55334\PAINT PACK\F55334-B-19.dxf,,,,,,,,,,,,,,,,,,,,,,,,,,,,,,,,,,,,,,,,,,
2026-03-04T19:04:41+00:00,F55334 PAINT PACK.rpd,F55334-B-20,Walls,W:\LASER\For Battleshield Fabrication\F55334\PAINT PACK\F55334-B-20.pdf,W:\LASER\For Battleshield Fabrication\F55334\PAINT PACK\F55334-B-20.dxf,,,,,,,,,,,,,,,,,,,,,,,,,,,,,,,,,,,,,,,,,,
2026-03-04T19:04:41+00:00,F55334 PAINT PACK.rpd,F55334-B-21,Walls,W:\LASER\For Battleshield Fabrication\F55334\PAINT PACK\F55334-B-21.pdf,W:\LASER\For Battleshield Fabrication\F55334\PAINT PACK\F55334-B-21.dxf,,,,,,,,,,,,,,,,,,,,,,,,,,,,,,,,,,,,,,,,,,
2026-03-04T19:04:41+00:00,F55334 PAINT PACK.rpd,F55334-B-22,Walls,W:\LASER\For Battleshield Fabrication\F55334\PAINT PACK\F55334-B-22.pdf,W:\LASER\For Battleshield Fabrication\F55334\PAINT PACK\F55334-B-22.dxf,,,,,,,,,,,,,,,,,,,,,,,,,,,,,,,,,,,,,,,,,,
2026-03-04T19:04:41+00:00,F55334 PAINT PACK.rpd,F55334-B-33,Tops,W:\LASER\For Battleshield Fabrication\F55334\PAINT PACK\F55334-B-33.pdf,W:\LASER\For Battleshield Fabrication\F55334\PAINT PACK\F55334-B-33.dxf,,,,,,,,,,,,,,,,,,,,,,,,,,,,,,,,,,,,,,,,,,
2026-03-04T19:04:41+00:00,F55334 PAINT PACK.rpd,F55334-B-36,Tops,W:\LASER\For Battleshield Fabrication\F55334\PAINT PACK\F55334-B-36.pdf,W:\LASER\For Battleshield Fabrication\F55334\PAINT PACK\F55334-B-36.dxf,,,,,,,,,,,,,,,,,,,,,,,,,,,,,,,,,,,,,,,,,,
2026-03-04T19:04:41+00:00,F55334 PAINT PACK.rpd,F55334-B-37,Brackets,W:\LASER\For Battleshield Fabrication\F55334\PAINT PACK\F55334-B-37.pdf,W:\LASER\For Battleshield Fabrication\F55334\PAINT PACK\F55334-B-37.dxf,,,,,,,,,,,,,,,,,,,,,,,,,,,,,,,,,,,,,,,,,,
2026-03-04T19:04:41+00:00,F55334 PAINT PACK.rpd,F55334-B-38,Brackets,W:\LASER\For Battleshield Fabrication\F55334\PAINT PACK\F55334-B-38.pdf,W:\LASER\For Battleshield Fabrication\F55334\PAINT PACK\F55334-B-38.dxf,,,,,,,,,,,,,,,,,,,,,,,,,,,,,,,,,,,,,,,,,,
2026-03-04T19:04:41+00:00,F55334 PAINT PACK.rpd,F55334-B-39,Brackets,W:\LASER\For Battleshield Fabrication\F55334\PAINT PACK\F55334-B-39.pdf,W:\LASER\For Battleshield Fabrication\F55334\PAINT PACK\F55334-B-39.dxf,,,,,,,,,,,,,,,,,,,,,,,,,,,,,,,,,,,,,,,,,,
2026-03-04T19:04:41+00:00,F55334 PAINT PACK.rpd,F55334-B-40,Brackets,W:\LASER\For Battleshield Fabrication\F55334\PAINT PACK\F55334-B-40.pdf,W:\LASER\For Battleshield Fabrication\F55334\PAINT PACK\F55334-B-40.dxf,,,,,,,,,,,,,,,,,,,,,,,,,,,,,,,,,,,,,,,,,,
2026-03-04T19:04:41+00:00,F55334 PAINT PACK.rpd,F55334-B-41,Brackets,W:\LASER\For Battleshield Fabrication\F55334\PAINT PACK\F55334-B-41.pdf,W:\LASER\For Battleshield Fabrication\F55334\PAINT PACK\F55334-B-41.dxf,,,,,,,,,,,,,,,,,,,,,,,,,,,,,,,,,,,,,,,,,,
2026-03-04T19:04:41+00:00,F55334 PAINT PACK.rpd,F55334-B-42,Brackets,W:\LASER\For Battleshield Fabrication\F55334\PAINT PACK\F55334-B-42.pdf,W:\LASER\For Battleshield Fabrication\F55334\PAINT PACK\F55334-B-42.dxf,,,,,,,,,,,,,,,,,,,,,,,,,,,,,,,,,,,,,,,,,,
2026-03-04T19:04:42+00:00,F55334 PAINT PACK.rpd,P-147,Flat Parts,W:\LASER\For Battleshield Fabrication\F55334\PAINT PACK\P-147.pdf,W:\LASER\For Battleshield Fabrication\F55334\PAINT PACK\P-147.dxf,,,,,,,,,,,,,,,,,,,,,,,,,,,,,,,,,,,,,,,,,,
2026-03-04T20:00:03+00:00,F53076 PAINT PACK.rpd,F53076-B-12,Tops,W:\LASER\For Battleshield Fabrication\F53076\PAINT PACK\F53076-B-12.pdf,W:\LASER\For Battleshield Fabrication\F53076\PAINT PACK\F53076-B-12.dxf,,,,,,,,,,,,,,,,,,,,,,,,,,,,,,,,,,,,,,,,,,
2026-03-04T20:00:03+00:00,F53076 PAINT PACK.rpd,B-159,Brackets,W:\LASER\For Battleshield Fabrication\F53076\PAINT PACK\B-159.pdf,W:\LASER\For Battleshield Fabrication\F53076\PAINT PACK\B-159.dxf,,,,,,,,,,,,,,,,,,,,,,,,,,,,,,,,,,,,,,,,,,
2026-03-04T20:00:03+00:00,F53076 PAINT PACK.rpd,F53076-B-21,Tops,W:\LASER\For Battleshield Fabrication\F53076\PAINT PACK\F53076-B-21.pdf,W:\LASER\For Battleshield Fabrication\F53076\PAINT PACK\F53076-B-21.dxf,,,,,,,,,,,,,,,,,,,,,,,,,,,,,,,,,,,,,,,,,,
2026-03-04T20:00:03+00:00,F53076 PAINT PACK.rpd,F53076-B-24,Tops,W:\LASER\For Battleshield Fabrication\F53076\PAINT PACK\F53076-B-24.pdf,W:\LASER\For Battleshield Fabrication\F53076\PAINT PACK\F53076-B-24.dxf,,,,,,,,,,,,,,,,,,,,,,,,,,,,,,,,,,,,,,,,,,
2026-03-04T20:00:03+00:00,F53076 PAINT PACK.rpd,F53076-B-28,Tops,W:\LASER\For Battleshield Fabrication\F53076\PAINT PACK\F53076-B-28.pdf,W:\LASER\For Battleshield Fabrication\F53076\PAINT PACK\F53076-B-28.dxf,,,,,,,,,,,,,,,,,,,,,,,,,,,,,,,,,,,,,,,,,,
2026-03-04T20:00:03+00:00,F53076 PAINT PACK.rpd,F53076-B-5,Tops,W:\LASER\For Battleshield Fabrication\F53076\PAINT PACK\F53076-B-5.pdf,W:\LASER\For Battleshield Fabrication\F53076\PAINT PACK\F53076-B-5.dxf,,,,,,,,,,,,,,,,,,,,,,,,,,,,,,,,,,,,,,,,,,
2026-03-04T20:00:03+00:00,F53076 PAINT PACK.rpd,F53076-B-8,Tops,W:\LASER\For Battleshield Fabrication\F53076\PAINT PACK\F53076-B-8.pdf,W:\LASER\For Battleshield Fabrication\F53076\PAINT PACK\F53076-B-8.dxf,,,,,,,,,,,,,,,,,,,,,,,,,,,,,,,,,,,,,,,,,,
2026-03-04T20:00:03+00:00,F53076 PAINT PACK.rpd,B-139 R1,Bottoms,W:\LASER\For Battleshield Fabrication\F53076\PAINT PACK\B-139 R1.pdf,W:\LASER\For Battleshield Fabrication\F53076\PAINT PACK\B-139 R1.dxf,,,,,,,,,,,,,,,,,,,,,,,,,,,,,,,,,,,,,,,,,,
2026-03-04T20:00:04+00:00,F53076 PAINT PACK.rpd,F53076-B-1,Bottoms,W:\LASER\For Battleshield Fabrication\F53076\PAINT PACK\F53076-B-1.pdf,W:\LASER\For Battleshield Fabrication\F53076\PAINT PACK\F53076-B-1.dxf,,,,,,,,,,,,,,,,,,,,,,,,,,,,,,,,,,,,,,,,,,
2026-03-04T20:00:04+00:00,F53076 PAINT PACK.rpd,F53076-B-11,Tall Sides,W:\LASER\For Battleshield Fabrication\F53076\PAINT PACK\F53076-B-11.pdf,W:\LASER\For Battleshield Fabrication\F53076\PAINT PACK\F53076-B-11.dxf,,,,,,,,,,,,,,,,,,,,,,,,,,,,,,,,,,,,,,,,,,
2026-03-04T20:00:04+00:00,F53076 PAINT PACK.rpd,F53076-B-18,Bottoms,W:\LASER\For Battleshield Fabrication\F53076\PAINT PACK\F53076-B-18.pdf,W:\LASER\For Battleshield Fabrication\F53076\PAINT PACK\F53076-B-18.dxf,,,,,,,,,,,,,,,,,,,,,,,,,,,,,,,,,,,,,,,,,,
2026-03-04T20:00:04+00:00,F53076 PAINT PACK.rpd,F53076-B-20,Tall Sides,W:\LASER\For Battleshield Fabrication\F53076\PAINT PACK\F53076-B-20.pdf,W:\LASER\For Battleshield Fabrication\F53076\PAINT PACK\F53076-B-20.dxf,,,,,,,,,,,,,,,,,,,,,,,,,,,,,,,,,,,,,,,,,,
2026-03-04T20:00:04+00:00,F53076 PAINT PACK.rpd,F53076-B-25,Bottoms,W:\LASER\For Battleshield Fabrication\F53076\PAINT PACK\F53076-B-25.pdf,W:\LASER\For Battleshield Fabrication\F53076\PAINT PACK\F53076-B-25.dxf,,,,,,,,,,,,,,,,,,,,,,,,,,,,,,,,,,,,,,,,,,
2026-03-04T20:00:04+00:00,F53076 PAINT PACK.rpd,F53076-B-26,Tall Sides,W:\LASER\For Battleshield Fabrication\F53076\PAINT PACK\F53076-B-26.pdf,W:\LASER\For Battleshield Fabrication\F53076\PAINT PACK\F53076-B-26.dxf,,,,,,,,,,,,,,,,,,,,,,,,,,,,,,,,,,,,,,,,,,
2026-03-04T20:00:04+00:00,F53076 PAINT PACK.rpd,F53076-B-9,Bottoms,W:\LASER\For Battleshield Fabrication\F53076\PAINT PACK\F53076-B-9.pdf,W:\LASER\For Battleshield Fabrication\F53076\PAINT PACK\F53076-B-9.dxf,,,,,,,,,,,,,,,,,,,,,,,,,,,,,,,,,,,,,,,,,,
2026-03-04T20:00:04+00:00,F53076 PAINT PACK.rpd,B-118-R1,Brackets,W:\LASER\For Battleshield Fabrication\F53076\PAINT PACK\B-118-R1.pdf,W:\LASER\For Battleshield Fabrication\F53076\PAINT PACK\B-118-R1.dxf,,,,,,,,,,,,,,,,,,,,,,,,,,,,,,,,,,,,,,,,,,
2026-03-04T20:00:05+00:00,F53076 PAINT PACK.rpd,B-118-R2,Brackets,W:\LASER\For Battleshield Fabrication\F53076\PAINT PACK\B-118-R2.pdf,W:\LASER\For Battleshield Fabrication\F53076\PAINT PACK\B-118-R2.dxf,,,,,,,,,,,,,,,,,,,,,,,,,,,,,,,,,,,,,,,,,,
2026-03-04T20:00:05+00:00,F53076 PAINT PACK.rpd,B-120,Brackets,W:\LASER\For Battleshield Fabrication\F53076\PAINT PACK\B-120.pdf,W:\LASER\For Battleshield Fabrication\F53076\PAINT PACK\B-120.dxf,,,,,,,,,,,,,,,,,,,,,,,,,,,,,,,,,,,,,,,,,,
2026-03-04T20:00:05+00:00,F53076 PAINT PACK.rpd,B-121,Brackets,W:\LASER\For Battleshield Fabrication\F53076\PAINT PACK\B-121.pdf,W:\LASER\For Battleshield Fabrication\F53076\PAINT PACK\B-121.dxf,,,,,,,,,,,,,,,,,,,,,,,,,,,,,,,,,,,,,,,,,,
2026-03-04T20:00:05+00:00,F53076 PAINT PACK.rpd,B-123,Brackets,W:\LASER\For Battleshield Fabrication\F53076\PAINT PACK\B-123.pdf,W:\LASER\For Battleshield Fabrication\F53076\PAINT PACK\B-123.dxf,,,,,,,,,,,,,,,,,,,,,,,,,,,,,,,,,,,,,,,,,,
2026-03-04T20:00:05+00:00,F53076 PAINT PACK.rpd,B-124,Brackets,W:\LASER\For Battleshield Fabrication\F53076\PAINT PACK\B-124.pdf,W:\LASER\For Battleshield Fabrication\F53076\PAINT PACK\B-124.dxf,,,,,,,,,,,,,,,,,,,,,,,,,,,,,,,,,,,,,,,,,,
2026-03-04T20:00:05+00:00,F53076 PAINT PACK.rpd,B-126,Brackets,W:\LASER\For Battleshield Fabrication\F53076\PAINT PACK\B-126.pdf,W:\LASER\For Battleshield Fabrication\F53076\PAINT PACK\B-126.dxf,,,,,,,,,,,,,,,,,,,,,,,,,,,,,,,,,,,,,,,,,,
2026-03-04T20:00:05+00:00,F53076 PAINT PACK.rpd,B-138,Brackets,W:\LASER\For Battleshield Fabrication\F53076\PAINT PACK\B-138.pdf,W:\LASER\For Battleshield Fabrication\F53076\PAINT PACK\B-138.dxf,,,,,,,,,,,,,,,,,,,,,,,,,,,,,,,,,,,,,,,,,,
2026-03-04T20:00:05+00:00,F53076 PAINT PACK.rpd,B-146,Brackets,W:\LASER\For Battleshield Fabrication\F53076\PAINT PACK\B-146.pdf,W:\LASER\For Battleshield Fabrication\F53076\PAINT PACK\B-146.dxf,,,,,,,,,,,,,,,,,,,,,,,,,,,,,,,,,,,,,,,,,,
2026-03-04T20:00:05+00:00,F53076 PAINT PACK.rpd,B-160,Brackets,W:\LASER\For Battleshield Fabrication\F53076\PAINT PACK\B-160.pdf,W:\LASER\For Battleshield Fabrication\F53076\PAINT PACK\B-160.dxf,,,,,,,,,,,,,,,,,,,,,,,,,,,,,,,,,,,,,,,,,,
2026-03-04T20:00:05+00:00,F53076 PAINT PACK.rpd,B-165,Brackets,W:\LASER\For Battleshield Fabrication\F53076\PAINT PACK\B-165.pdf,W:\LASER\For Battleshield Fabrication\F53076\PAINT PACK\B-165.dxf,,,,,,,,,,,,,,,,,,,,,,,,,,,,,,,,,,,,,,,,,,
2026-03-04T20:00:06+00:00,F53076 PAINT PACK.rpd,B-167,Brackets,W:\LASER\For Battleshield Fabrication\F53076\PAINT PACK\B-167.pdf,W:\LASER\For Battleshield Fabrication\F53076\PAINT PACK\B-167.dxf,,,,,,,,,,,,,,,,,,,,,,,,,,,,,,,,,,,,,,,,,,
2026-03-04T20:00:06+00:00,F53076 PAINT PACK.rpd,B-168,Brackets,W:\LASER\For Battleshield Fabrication\F53076\PAINT PACK\B-168.pdf,W:\LASER\For Battleshield Fabrication\F53076\PAINT PACK\B-168.dxf,,,,,,,,,,,,,,,,,,,,,,,,,,,,,,,,,,,,,,,,,,
2026-03-04T20:00:06+00:00,F53076 PAINT PACK.rpd,B-3,Brackets,W:\LASER\For Battleshield Fabrication\F53076\PAINT PACK\B-3.pdf,W:\LASER\For Battleshield Fabrication\F53076\PAINT PACK\B-3.dxf,,,,,,,,,,,,,,,,,,,,,,,,,,,,,,,,,,,,,,,,,,
2026-03-04T20:00:06+00:00,F53076 PAINT PACK.rpd,B-4,Brackets,W:\LASER\For Battleshield Fabrication\F53076\PAINT PACK\B-4.pdf,W:\LASER\For Battleshield Fabrication\F53076\PAINT PACK\B-4.dxf,,,,,,,,,,,,,,,,,,,,,,,,,,,,,,,,,,,,,,,,,,
2026-03-04T20:00:06+00:00,F53076 PAINT PACK.rpd,B-52,Brackets,W:\LASER\For Battleshield Fabrication\F53076\PAINT PACK\B-52.pdf,W:\LASER\For Battleshield Fabrication\F53076\PAINT PACK\B-52.dxf,,,,,,,,,,,,,,,,,,,,,,,,,,,,,,,,,,,,,,,,,,
2026-03-04T20:00:06+00:00,F53076 PAINT PACK.rpd,B-67,Brackets,W:\LASER\For Battleshield Fabrication\F53076\PAINT PACK\B-67.pdf,W:\LASER\For Battleshield Fabrication\F53076\PAINT PACK\B-67.dxf,,,,,,,,,,,,,,,,,,,,,,,,,,,,,,,,,,,,,,,,,,
2026-03-04T20:00:06+00:00,F53076 PAINT PACK.rpd,B-86,Brackets,W:\LASER\For Battleshield Fabrication\F53076\PAINT PACK\B-86.pdf,W:\LASER\For Battleshield Fabrication\F53076\PAINT PACK\B-86.dxf,,,,,,,,,,,,,,,,,,,,,,,,,,,,,,,,,,,,,,,,,,
